match_id,secuencia_rival_id,verticalidad,horizontalidad,ritmo_pases,duracion_log,eventos_log,recorrido_log,vel_media_balon,amplitud_balon_m
199542,34,0.6243877456205885,0.7811145518544891,0.2173913043478261,2.322387720290225,1.6094379124341003,3.879308562071334,5.1511678592599,57.4912
199542,70,-0.777596357261318,0.6287637912395471,0.1020512297173181,2.3794535372506225,1.6094379124341003,3.9393458670928303,5.141848933536729,35.053529600000005
199542,42,-0.6662211479238821,0.7457542370372325,0.3352329869259135,1.9410411719438094,1.6094379124341003,2.7577485878314105,2.4747420387396195,17.784216991463982
199542,36,0.8945900613395656,0.44688770642351816,0.19896538002387584,3.049462595974959,1.9459101490553132,4.013100642508551,2.701856678238525,36.29330304
199542,22,0.9736884237413825,0.22788342079234694,0.17094017094017094,2.5416019934645457,1.791759469228055,4.080711902148789,4.9732983442834975,25.0942912
199542,33,0.9682208434874907,0.2500967777408813,0.28622540250447226,2.706382144001513,2.302585092994046,4.1154811173586205,4.313537807267952,20.9728
199542,24,0.7637297948812729,0.6455360566309284,0.17587055926837847,2.8935887998852876,2.1972245773362196,4.04748708321234,3.297772487142693,55.809102079999995
199542,49,-0.7701887252383093,0.6378160608794577,0.26811705224452276,3.2998288872738666,2.772588722239781,3.204435269406085,0.9055301146055867,33.824579576618135
199542,41,-0.9742984030736535,0.22526123005996587,0.2310536044362292,2.2675794837952306,1.6094379124341003,3.5243818683295505,3.8046201708354253,22.508487040000002
199542,13,0.8874912924385461,0.46082448485921323,0.222543674196061,3.3308106821051564,2.6390573296152584,4.041717886112463,2.074257182214007,61.989552
199542,58,-0.9255704055439312,0.3785755200501515,0.20951183741881416,2.729093888030559,1.9459101490553132,3.4434460693865945,2.115693552742642,23.123199999999997
199542,61,-0.20099431977051044,0.9795924067794675,0.1935733643050716,1.8190503294639586,1.0986122886681098,3.5478267226390168,6.530727961151787,33.394681600000006
199542,56,-0.8757451202325182,0.4827737403680241,0.39984006397441024,1.7920927470181753,1.0986122886681098,3.7367951523748917,8.189381944355711,19.776
199542,37,-0.9519337598056284,0.30630396168237867,0.29427343887940677,2.8898716328544825,2.3978952727983707,4.139306412156867,3.6348229814801654,35.52519130099283
199542,28,0.9628323415150857,0.27009976329604096,0.2260568156129907,2.6582295061182544,1.9459101490553132,3.9555190686684716,3.859753909020166,15.143066168958285
199542,50,-0.9999958841506583,0.002869090751977084,0.15382248884786956,2.0150363449874993,1.3862943611198906,3.355513973127291,4.254780963814078,4.153599999999997
199542,57,-0.8289211282497086,0.5593655004925046,0.2727210745210336,2.75155658941135,1.9459101490553132,4.293579622787202,4.924533236277036,50.101536
199542,69,-0.204657931520484,0.9788335563647973,0.44025157232704404,2.8273136219290276,2.4849066497880004,3.495243112266749,2.0099559462904217,45.58126196195008
199542,48,-0.6019550768118196,0.7985299527885453,0.28776978417266186,2.7013612129514133,2.1972245773362196,2.957486883652204,1.3129161580435593,14.5728
199542,43,-0.6785132375817094,0.7345881747117815,0.34453057708871665,1.9176576361034294,1.0986122886681098,3.805281536642836,7.568975021141823,32.276261760000004
199542,5,0.7472083458681851,0.6645898644012941,0.19406171162429653,2.425333558253099,1.791759469228055,3.1667540952127364,2.2055436454501027,15.898618240000005
199542,64,-0.898986681503502,0.4379759656411764,0.1943508681005442,2.7994740510211633,1.9459101490553132,4.501366206333016,5.774824910795034,58.40022336000001
199542,53,-0.8268201446893246,0.5624663975171534,0.4838514576025161,2.2264597026045543,1.9459101490553132,2.6523706163531884,1.5952137708826284,10.7456
199542,20,0.4995203950169597,0.8663021268368792,0.5232862375719519,2.523004938386659,2.0794415416798357,4.063000739652245,4.984173920055563,49.507900160000005
199542,60,-0.7933069168151897,0.608821924484638,0.25,2.1972245773362196,1.791759469228055,3.901831467090873,6.061626371312387,30.762429770300436
199542,47,-0.9996689830634521,0.025727889553621305,0.14814814814814814,2.6741486494265287,1.791759469228055,4.236778598970906,5.050712671435883,26.0076992
199542,71,0.22333043599361438,0.9747427949766553,0.3913128546272745,1.8100904259127784,1.3862943611198906,2.6003551080005725,2.43954607025946,12.1536
199542,2,-0.8171678206497454,0.5763998203456916,0.2691870550936173,3.5390444483542804,2.9444389791664403,3.9587107883913637,1.53705033590308,60.220142016
199542,14,0.9988277043181478,0.04840678760812719,0.15008254539996999,2.0364035519882675,1.0986122886681098,2.814726479144261,2.354586593574774,10.8012352
199542,40,-0.7006497604052251,0.7135053701578572,0.21352313167259784,2.711377991194885,1.9459101490553132,3.356305212704557,1.970321509458175,26.982611800534094
199542,21,-0.24673072276241972,0.969084078109394,0.37257824143070045,2.8393123542826895,2.302585092994046,4.127306747711517,3.788542437055812,60.57444870225306
199542,63,-0.3165580204466865,0.9485731493621747,0.19230769230769232,2.8094026953624978,1.9459101490553132,3.5229431549464563,2.1079492139956604,31.617813503999994
199542,51,-0.09912420058333096,0.9950750689564658,0.33003300330033003,2.3115448343655176,1.791759469228055,3.685209196080116,4.274307894963862,42.997919520408445
199542,55,-0.04026825769675132,0.9991889047733006,0.2638986629134412,2.5151124918450662,1.9459101490553132,4.115546495024253,5.303104982532811,60.2368
199542,23,0.5103631051481203,0.859959011176445,0.3127932436659368,2.0006688605144403,1.3862943611198906,3.054265966954645,3.1600898015499452,17.376
199542,72,-0.9497403792143755,0.31303867507024485,0.23459493274945262,2.6237986486546188,1.791759469228055,4.198199034648033,5.127176990314368,30.640402369589637
199542,15,0.5830276032448204,0.8124523455899431,0.17519271198318148,1.9033008439609624,1.3862943611198906,2.7753394674994913,2.635611862735258,13.507273646554246
199542,65,-0.8909971036028062,0.4540089882055313,0.1753155680224404,1.902704363179782,1.0986122886681098,3.559356170423234,5.985372602571927,19.50652352
199542,39,-0.9729699435566641,0.23093178416004587,0.25641025641025644,2.5416019934645457,1.791759469228055,3.7147045476605856,3.4227741897994846,12.7232
199542,52,0.2557359477115521,0.9667466705647733,0.5160339107998526,2.678621390411398,2.4849066497880004,3.8301603524180723,3.3225156701684635,53.6704
199542,29,0.09702820356601896,0.9952816323597818,0.3973773097556129,1.7972443994586247,1.3862943611198906,2.795166604886257,3.052921731405204,15.292855680000002
199542,62,-0.8531894381010242,0.5216011720777265,0.2733360666940003,2.7494480297981387,1.9459101490553132,4.061909154524879,3.9008540876721343,30.7548544
199542,46,-0.938240522773101,0.34598370109942783,0.25477707006369427,2.180417459019838,1.6094379124341003,3.5542701519381357,4.326406814198601,15.980800000000002
199542,6,-0.5626920522897864,0.8266665919764197,0.28555111364934327,2.708583392263869,2.0794415416798357,3.7734615180838604,3.0361569037116314,35.158531839999995
199542,4,0.31889857506652786,0.9477888471703696,0.2531645569620253,2.186051276738094,1.3862943611198906,3.6893406677996543,4.939044658537232,36.9812544
199542,54,0.4531975976318525,0.8914100838002214,0.41666666666666663,3.1179499062782403,2.772588722239781,4.032862314217725,2.565841589895304,59.98948863999999
199542,12,0.43957492972265394,0.8982059235828518,0.30927835051546393,3.0155349008501706,2.4849066497880004,3.831374798369543,2.326077757080158,58.836358310399994
199542,1,-0.139294716794521,0.9902509691351653,0.37016472330186934,2.4686078768184974,2.0794415416798357,3.256430047600008,2.3095231660622693,30.663841808501537
199542,3,-0.07149317329914852,0.9974410890732434,0.41736227045075125,2.102669667799043,1.9459101490553132,3.4046871781404806,4.0490924857029436,39.008
199542,27,-0.0729619656478735,0.997334723936151,0.24024601191620218,3.082460277063815,2.3978952727983707,4.031765908043542,2.6600206908219683,60.1536
199542,16,0.7821103141387603,0.6231399975268557,0.24567006510256728,3.2356542761070184,2.6390573296152584,2.95861878811734,0.7481200330404735,57.5872
199542,68,-0.9899798200980673,0.1412089083542498,0.31918289179699966,1.9832059337990102,1.0986122886681098,3.524881859825947,5.258500247121218,5.5488
199542,30,0.918096431913338,0.396357088630944,0.48995590396864286,1.6257048848979723,1.0986122886681098,3.4872732501631454,7.764985399908267,12.5632
199542,8,0.4269457762569046,0.904277227478603,0.2898550724637681,2.6946271807700692,2.0794415416798357,3.6650385246069144,2.757800059012717,41.2672
199542,25,0.054012474232982284,0.9985402608944877,0.6056018168054503,2.0288059257112563,1.6094379124341003,3.875593769527665,7.147814716803391,47.1424
199542,32,0.43607436864764165,0.8999106316788134,0.4411764705882353,2.0541237336955462,1.6094379124341003,3.8013873901930078,6.435771399964343,39.38300992
199542,17,0.5862940059650276,0.810098351170696,0.32441200324412,1.9692080612801353,1.6094379124341003,0.9690186523424982,0.2652647183374218,3.0463999999999984
199542,18,0.09049212000854732,0.9958971715073598,0.4458314757021846,1.7021993925154115,1.3862943611198906,2.317320240568366,2.0393317990605078,9.110907960235895
199542,26,-0.8141886412870126,0.5806004274879656,0.38629925315477726,2.1708806019966174,1.791759469228055,3.497179696982283,4.12338242696798,22.505932800000004
199542,9,0.615827018766577,0.7878813888886258,0.5197505197505198,2.162863149818908,2.0794415416798357,3.440616874226902,3.924922366695079,25.884185996408718
199542,35,0.46029709145604003,0.8877649393826669,0.36735443580481236,2.8526121989591733,2.302585092994046,4.14887469419969,3.818199828460412,55.73188928
199542,7,-0.29877269382401506,0.9543243041152946,0.151894888736994,2.6509153163972137,1.791759469228055,3.8187688926680505,3.3833142850219895,43.31029248
199542,31,0.9648076788469369,0.2629565417288302,0.5825242718446602,1.8164520818184267,1.3862943611198906,3.110413622609003,4.161227217442643,5.635242879999993
199542,10,0.04362686646090374,0.9990478950094446,0.20016012810248196,2.3971677354799934,1.6094379124341003,3.388096955765568,2.863245630069268,28.582311040000008
199542,45,-0.48213352632983636,0.8760977472798099,0.721327242125511,1.6407427622625128,1.791759469228055,2.8794960011922552,4.040706196040703,15.217512500329107
199542,59,0.48544072211185396,0.8742695838901876,0.3781194857574994,2.189864222929927,1.791759469228055,3.9997737784229903,6.753945065603674,46.8484352
199542,19,0.34914684311049166,0.9370680241828647,0.7466865783087548,1.8495565679542718,1.791759469228055,2.6422426890858075,2.4350692801318834,12.223739519999995
199542,66,-0.44795220376427425,0.8940575055010331,0.16377333770062233,1.9609394975988352,1.0986122886681098,3.143702566062626,3.634059779414568,19.838750719999993
199542,44,-0.9864832776745955,0.16386196284796226,0.1717622810030917,2.915931203350436,1.791759469228055,3.6661906424892825,2.1815335940019933,32.080999680000005
199542,11,-0.8696977765952751,0.4935846202883909,0.7530120481927711,1.606232781485152,1.3862943611198906,3.236378665214388,6.134895285169358,12.860710399999999
199542,67,-0.43483312169311744,0.9005110528353432,0.48270313757039424,1.9761621922258341,1.6094379124341003,3.541752212349444,5.3945881728439415,30.191763199999997
199542,38,-0.723156652636215,0.6906840491483677,0.43346337234503685,1.7252634779396907,1.6094379124341003,2.595116157499115,2.687070560440633,8.5632
207673,70,-0.8629803155991391,0.5052375430314044,0.0,3.312839644190415,2.70805020110221,4.437228570468767,3.1568725831164657,61.376
207673,20,0.9915664466895654,0.1295993124959738,0.23510971786833856,2.6217658325051976,1.9459101490553132,3.7960324461884682,3.4109860113648582,26.671674880000005
207673,96,-0.9782613163169811,0.20737597979941533,0.06980315510261063,2.7295507325482125,1.9459101490553132,4.01455462082883,3.7971950661219203,31.182060800000006
207673,24,0.8630754308631967,0.5050750445629908,0.20833333333333334,1.7578579175523736,1.3862943611198906,3.3611618806244237,5.796387483764399,17.38739140043104
207673,65,-0.956808265954953,0.29071969695959055,0.2876594112570716,2.4361539849154608,1.791759469228055,4.224217754336079,6.455176795823497,29.27850048000001
207673,46,-0.9449069455603614,0.3273390661558568,0.40584415584415584,1.2424239907001886,1.3862943611198906,2.5960696460378805,5.036901231549026,5.508271736433009
207673,79,-0.9113235088494034,0.4116909790345319,0.22075055187637968,2.6803363625346943,2.0794415416798357,4.076908807905549,4.265115682961919,45.78824272179885
207673,67,-0.9915105906960738,0.13002595332287686,0.11655011655011654,2.259677591982769,1.3862943611198906,4.065088803055795,6.674834831494082,9.6377472
207673,73,-0.724304094574478,0.6894806585993879,0.2777777777777778,2.7343675094195836,2.302585092994046,3.8792245757320485,3.2907416884988763,36.944637069544804
207673,89,-0.999997633012783,0.0021757685611068682,0.23337222870478413,2.6286461783149417,1.791759469228055,4.146013335140936,4.837153918559672,16.49953344
207673,85,-0.9965905588407344,0.08250610904358734,0.24288351306713302,3.0720449564031544,2.3978952727983707,4.256940115447813,3.3806297597920127,57.4336
207673,94,-0.943682805522396,0.33085157179826113,0.22038567493112948,2.3100571078327468,1.3862943611198906,3.1542617944282463,2.472256784301926,34.221811200000005
207673,66,-0.9971313757032899,0.07569028727693314,0.35842293906810035,2.7047112998366956,2.302585092994046,4.180499612276298,4.616381287179195,16.474227327999998
207673,59,-0.9918182258180459,0.12765816438890173,0.20673971469919372,2.367810877911753,1.3862943611198906,3.917639424032701,5.0942331003337005,31.0656
207673,28,0.9227480454178223,0.3854037424281036,0.5557099194220616,1.5258388885577867,1.3862943611198906,3.2202418781935145,6.678014634628844,12.690470464
207673,30,0.9907612401998978,0.1356177160903394,0.1899064710630015,3.0939019973262343,2.302585092994046,4.086269185050404,2.7782095839013623,24.697846400000003
207673,83,-0.9253462889588755,0.3791229952271919,0.3198976327575176,3.473828072697063,2.9444389791664403,4.247206388418289,2.204409416534998,44.9600896
207673,42,-0.1542682487004277,0.9880290013167138,0.3581661891117478,2.7053799725463312,2.302585092994046,3.7022625092832273,2.832300885645512,41.472
207673,47,-0.9303615119099069,0.3666435014516303,0.1871082421180653,2.4586482286256333,1.6094379124341003,3.3384430654408352,2.5423543414994705,17.30842113069521
207673,68,-0.9859144844103849,0.1672502000889839,0.19997333688841487,2.7727137144279324,1.9459101490553132,3.6791095328583943,2.573730567600666,35.73597184
207673,62,-0.9593672863748764,0.28216025558839003,0.3119881444505109,2.6261891746218895,2.0794415416798357,3.98724649874178,4.126530994879458,42.392987328000004
207673,44,-0.9989309510774125,0.04622721038063963,0.2651113467656416,2.778073652470351,2.0794415416798357,4.493874044337037,5.863426295927005,36.621968640000006
207673,90,-0.7197943572616767,0.694187354576738,0.24055809477988935,2.600539226716431,1.9459101490553132,3.347908929347209,2.20056087608847,27.379199999999997
207673,86,-0.9801242021908061,0.19838484891703775,0.26321850426084953,3.44658493812533,2.70805020110221,4.014697912074786,1.7901015109665903,40.1640384
207673,45,-0.9774866475949274,0.21099728380628546,0.29511583296443855,2.051170659712806,1.6094379124341003,3.6828242287595403,5.7191268736925736,19.69154304
207673,76,-0.9962852924044204,0.08611397179690661,0.4148516905206389,1.7614720682895983,1.3862943611198906,3.4486431137334495,6.317709778934533,5.957231696992416
207673,15,0.8877599493534777,0.4603067154886084,0.3018108651911469,2.392425796993835,2.0794415416798357,3.9952427745916976,5.366099714153676,27.925319039999998
207673,77,-0.9993165443576619,0.03696544566295773,0.24874384358987117,3.0493204327239196,2.3978952727983707,3.949880035841,2.533661848958912,19.06101857092615
207673,63,-0.9074653620005502,0.4201269055526099,0.1896453631708705,2.4463390566387417,1.6094379124341003,2.7861621182606213,1.4430736700411944,17.576838536387367
207673,48,-0.7482455745866464,0.6634218568237704,0.34904013961605584,1.9065751436566365,1.3862943611198906,3.053808344324005,3.52459201435338,20.78257744115639
207673,11,0.4145556852738488,0.9100239468316916,0.24875621890547267,2.837908188360424,2.1972245773362196,3.5744734632972395,2.1564571663458567,50.01598456728237
207673,7,0.9639750026208599,0.265992846373945,0.3309066843150231,2.309163408354168,1.791759469228055,4.080638605938653,6.417742395876969,24.778220543999993
207673,12,0.9999417748918551,0.010791053059210796,0.25211143325349805,2.189752284719702,1.6094379124341003,4.110973784777763,7.564111365359587,14.77232896000001
207673,54,-0.9477191097832114,0.31910576452285744,0.26548672566371684,3.5524868292083815,2.8903717578961645,3.91254837206303,1.4462028092390935,55.61908487151
207673,21,0.4596041165808165,0.8881238967745251,0.2186270222999563,1.7181129290597565,1.0986122886681098,2.7919732945546563,3.347874676132341,14.955590399999998
207673,57,-0.8653369126549609,0.5011906100445023,0.303756454824665,3.4219472725807525,2.8903717578961645,3.8592599869197244,1.5670538790120516,54.701722496
207673,40,-0.9778074918805876,0.2095053909143978,0.3055046381158696,3.6110800616595244,2.995732273553991,4.404802581362588,2.245264231456335,56.60316519537696
207673,72,-0.9234385169032834,0.3837464078000787,0.24228719108383137,2.593910520360625,1.9459101490553132,4.172701829725575,5.159953049598447,30.810967679999997
207673,9,0.998953261173354,0.04574256213987951,0.2388725216975874,2.607050533480172,2.0794415416798357,4.108992851880739,4.768322804191618,18.015821376000005
207673,58,-0.9080160355359437,0.418935411739791,0.145800933125972,3.071581585837429,2.0794415416798357,4.534800915135057,4.481189626788215,44.865555199999996
207673,87,-0.27451351284752296,0.9615832419838196,0.5972696245733788,2.543175557911976,2.4849066497880004,4.119678048678699,5.165480066133976,58.79824576
207673,61,0.0388154931572413,0.9992463947850702,0.36789502728554785,2.8512265974442617,2.4849066497880004,2.8243438249984343,0.9718489720132624,29.988711528659245
207673,84,-0.9968722038974055,0.07903043145985487,0.5176653293645658,2.166421668181174,1.9459101490553132,2.437686435886045,1.3519513147361895,11.564799999999998
207673,49,-0.8655389302506519,0.5008416518427329,0.2877145871295675,2.4359789761645767,1.9459101490553132,3.422880753116712,2.844308518685028,19.74976384
207673,64,-0.991787253791513,0.1278985661244438,0.3033796492931254,2.861114576829047,2.302585092994046,3.8866588748742497,2.897138634004871,15.168351999999992
207673,60,-0.7770555974187525,0.6294319649653848,0.3464203233256351,2.2679936482244267,1.791759469228055,3.734337833713246,4.718279203917919,34.375744
207673,88,-0.5753556957915127,0.8179033092733299,0.4410467509556013,2.054380111084465,1.9459101490553132,3.4907111570886338,4.676458682442109,39.53455667200001
207673,25,-0.027392338950161563,0.9996247594806961,0.37257824143070045,2.668616131856803,2.1972245773362196,4.116162083049985,4.495039925288733,61.54257422100256
207673,75,-0.11098000608874757,0.9938226392312368,0.3981486089682974,3.048941231885134,2.70805020110221,3.8274065158424437,2.23676059071399,61.66312128
207673,43,-0.9870817859776577,0.16021718943720561,0.35981577432354633,2.7010927205347115,2.3978952727983707,3.9995527849627135,3.8553352316118144,36.3023395239134
207673,93,-0.06823398138775016,0.9976693459177625,0.2416042522348393,2.227646006329552,1.6094379124341003,3.345777304373901,3.307879806250965,27.318809599999998
207673,31,0.9572588015372634,0.28923275554377004,0.33688938798427853,2.934388643312939,2.4849066497880004,4.250480936670798,3.8820402425210867,26.922207999999998
207673,27,-0.9887216167534095,0.14976503118059267,0.9940357852882704,1.3907842663927426,1.6094379124341003,2.57023520282601,3.998972140887566,4.189110079999999
207673,32,0.8534233562184385,0.5212183564120286,0.32320620555914675,3.6409489203563865,3.1780538303479458,3.0745836266812105,0.5559380886326613,36.5672
207673,55,-0.11318511947920151,0.9935739170934788,0.3536961245010358,3.0345202007612513,2.6390573296152584,4.074501259829183,2.921587429016999,57.4495733888
207673,71,-0.7853023585611131,0.6191124337617141,0.4132231404958678,2.3683728335320486,2.0794415416798357,3.1517231894401756,2.3116024491484217,23.2101824
207673,10,0.12402593551158232,0.9922789765587482,0.7010983874737088,1.6637366858414793,1.3862943611198906,2.507186456662186,2.6338766683679093,15.07073152
207673,37,0.8355885406297854,0.5493557961541731,0.28517449114176735,3.36912174818967,2.772588722239781,3.5541981548109107,1.2105577441763555,36.1216
207673,78,-0.6429336465070847,0.7659218799519323,0.20920502092050208,2.3570732782781154,1.6094379124341003,2.8401664753047817,1.686047607386695,12.345599999999997
207673,81,0.11173270280040508,0.9937382971008596,0.33211557622052473,2.7760203275414774,2.1972245773362196,3.8046638789472627,2.9166491084778996,43.6352
207673,51,-0.6230108874517053,0.7822131641161753,0.24677140741959364,2.5769539363837013,2.0794415416798357,4.072191721713971,4.745039393314063,45.1223136
207673,80,-0.9553727958550481,0.2954028113273615,0.23789699060306888,2.2414540929898146,1.0986122886681098,4.169365619961563,7.573975370005246,19.3024
207673,41,-0.7832455296213671,0.6217125061699693,0.2065688907250568,1.7649020150581725,1.0986122886681098,3.5694425161004824,7.12596544945797,21.4470912
207673,82,-0.9999995967467467,0.0008980569825613464,0.43327556325823224,2.3255200642765415,2.0794415416798357,3.819605326496653,4.829529148563203,22.85353856000001
207673,56,-0.679173896200181,0.733977396600376,0.5242463958060288,2.1552445050953364,1.9459101490553132,3.884308918332593,6.242899245948617,44.58826039245334
207673,29,-0.1726075538595284,0.9849906762759889,0.33407572383073497,2.300583090323373,1.791759469228055,3.6482200089209638,4.165505835356679,36.8448
207673,17,0.7481879477920943,0.6634868459725891,0.6694934166480696,1.7012875660639792,1.6094379124341003,1.673293418337389,0.9662333919125509,7.3102719999999985
207673,22,0.5794667222896963,0.814995900455233,0.22341376228775692,1.7003749074262025,1.0986122886681098,1.9377388218600597,1.3277555342831833,8.089599999999997
207673,26,-0.39863757901528374,0.9171085435197048,0.5989219405070872,2.3995302990505247,2.3978952727983707,2.941078620728228,1.7904033084147501,30.6986157035766
207673,38,0.7830431268686106,0.621967411898589,0.22336385972749612,2.669378670453941,1.9459101490553132,4.018337652484101,4.065861674593163,34.242397440000005
207673,92,-0.7017525437283287,0.7124207797157663,0.5102040816326531,1.9286186519452522,1.791759469228055,3.3490923981877057,4.6729381372350245,22.3121599429536
207673,14,0.9277655155512052,0.37316370154934203,0.744047619047619,1.3050843056943475,1.0986122886681098,2.9841915159810446,6.983077243477262,11.1515968
207673,33,0.16783255671725006,0.9858155166691946,0.2252658136601189,3.143979850014194,2.302585092994046,3.9621902825393436,2.3234973974524054,57.8728568684265
207673,35,-0.25157607971452683,0.9678375256805607,0.4222972972972973,2.552565298261815,2.302585092994046,3.3434668326994776,2.3071898204900245,33.762791039999996
207673,2,0.9118121000669852,0.410607713239089,0.21019442984760903,2.3528028091546633,1.6094379124341003,4.253138661966867,7.285947999036183,32.97130624
207673,5,0.1310487569292243,0.9913759243129243,0.15496668216333487,3.504505793193851,2.0794415416798357,4.119574583535821,1.8761214789687644,60.0110178320657
207673,52,0.3387671726465995,0.9408702369280415,0.332084064708952,3.0946269305282055,2.5649493574615367,2.3521765624076933,0.4510848274082183,36.01818662798914
207673,50,-0.9833792394843618,0.18156340862397968,0.6572461386789352,1.3969869906586339,1.0986122886681098,2.9059223093108386,5.679295967002569,4.384909513437421
207673,23,0.42987748306902895,0.9028872296971735,0.21822943187604568,2.6910396722688037,1.6094379124341003,4.074957341628123,4.208043222245342,55.14032287669607
207673,1,0.8521414547420589,0.5233115144061781,0.1883593897155773,2.4525556195703406,1.3862943611198906,3.9559040110179575,4.826040757334128,42.1312
207673,34,0.7899068289077743,0.6132268761599284,0.39142007202129325,2.6227827571225064,2.302585092994046,3.2177404073109885,1.8765954806353013,23.00077470831996
207673,36,-0.1883962042448473,0.9820931066992242,0.38979841853213054,2.94222600603085,2.6390573296152584,3.501340820136295,1.7908388241600948,60.02696879023991
207673,39,0.9008441890417385,0.4341425423403382,0.18615040953090098,2.46334247187216,1.3862943611198906,3.9402481549157735,4.6939094064160205,21.894399999999997
207673,4,0.5419652095780905,0.8404009231354858,0.20477116821951472,2.37648590083358,1.6094379124341003,3.593377178411173,3.620011439451204,44.4140992
207673,91,-0.6824027875673209,0.7309763577027304,0.1652892561983471,1.9530276168241774,1.3862943611198906,3.55683942152263,5.628468850120191,24.89137984
207673,8,0.1851102698325527,0.9827177560228164,0.3487054310870892,2.5234059489386103,2.1972245773362196,4.050475329422338,4.918903864589817,59.32376704000001
207673,18,-0.8516827211316992,0.5240577664014764,0.3751875937968984,2.196780034097069,1.6094379124341003,3.7685253397640968,5.292163722319871,23.14978522432239
207673,13,-0.9243731121963494,0.38148964527026874,0.4646840148698885,1.6684612528835614,1.3862943611198906,3.407801367842124,6.784102048644958,11.139030399999996
207673,3,0.948938602478144,0.3154608196382338,0.4228329809725158,1.7457155307266483,1.3862943611198906,3.1704474404429757,4.824130903022203,7.8510288855960155
207673,16,-0.9396029490307941,0.342266414029531,0.3201536737634064,1.9805875901271444,1.6094379124341003,3.6171370981904154,5.799716167579216,15.318405120000001
207673,19,0.907164319809295,0.4207765402977441,0.4699248120300752,1.6593702811823094,1.6094379124341003,2.661932034998549,3.1306242314521198,7.6456219495289375
207673,6,0.5750926417132489,0.8180882919632065,0.4385964912280702,2.0592388343623163,1.791759469228055,3.667924787851013,5.580487469185819,31.5091072
207673,74,-0.9994421276310459,0.03339810647818492,0.26260504201680673,1.5702811972329065,1.0986122886681098,2.7430593890894555,3.816816796628199,4.821813120000002
207673,53,-0.6939964529779374,0.7199784186029756,0.32808398950131235,1.3982229319851645,1.3862943611198906,2.8052983335300588,5.095802894524673,11.237991167999999
209425,10,-0.9938588494450492,0.11065526367852042,0.0,2.6299445050985883,1.791759469228055,4.348238912886133,5.930407572363286,22.579116799999998
209425,32,0.46915522596175424,0.883115719457408,0.1852080503765897,2.844793097988705,1.9459101490553132,0.21442828854263718,0.01476436944698814,0.524799999999999
209425,8,-0.7933591274067401,0.6087538870187328,0.132749236691889,2.143940999554448,1.3862943611198906,3.8531809846270044,6.125419547203219,43.916563328
209425,23,-0.8248520769062647,0.5653486103488904,0.2959747434885557,2.410183103592064,1.791759469228055,3.5365593150331547,3.290107849393315,39.590929280000005
209425,11,-0.8488026859422503,0.5287097505600042,0.21272069772388855,1.7406415980494447,1.9459101490553132,2.555687680363766,2.527154656817038,14.695129599999994
209425,28,-0.953517238921059,0.3013384726190133,0.05982650314089141,2.8744117383174355,1.6094379124341003,4.127730833961085,3.6516297255922896,38.6917568
209425,3,-0.9121125432047561,0.40993988404222365,0.15852885225110971,1.9889696385157603,1.6094379124341003,3.665542388285523,6.0363547082651445,15.609414399999999
209425,46,0.9661813921707771,0.257863369680416,0.1485222040695084,2.0454968856268985,1.0986122886681098,3.7453790795559665,6.137687321969664,11.664166400000001
209425,45,0.9659464656692872,0.2587420055982651,0.21602937999567942,1.7279318064818894,1.0986122886681098,3.9480915245791244,10.982143872358199,13.1534976
209425,30,0.3107992757671463,0.9504755705343603,0.2328830926874709,2.2605123165721377,1.6094379124341003,2.7830540400800645,1.766223140776594,18.6368
209425,29,-0.9688025491056577,0.2478338573447546,0.0855175952452217,3.194050203432545,1.791759469228055,4.528189527495516,3.916311463142597,52.5184
209425,26,0.9475877737054145,0.3194955572836923,0.5766181346403344,2.0715353701087387,1.9459101490553132,3.24912034672816,3.5703709579832643,19.1744
209425,35,0.7369421334336271,0.6759558358134754,0.23166917641607787,2.2651947037754865,1.3862943611198906,3.3204053510070097,3.089489746577702,19.9185856
209425,20,-0.9834503196971944,0.1811780027693372,0.34423407917383825,1.918392120161421,1.0986122886681098,4.311407692713445,12.658408272706282,21.1072
209425,5,0.5730376808965073,0.8195290210070372,0.4221190375685943,2.09272788600557,1.9459101490553132,3.4557974748231053,4.317369556763359,25.14605595540028
209425,36,0.935941083008822,0.3521566258588267,0.24466328215793015,2.853534867844191,2.1972245773362196,3.0232982149208247,1.1963415465908565,33.613548800000004
209425,31,0.9193959050479359,0.39333340791380383,0.8610792192881745,1.5005155052099135,1.6094379124341003,2.823748601118189,4.546457639206288,6.230345491242012
209425,43,0.9612084718422685,0.2758229027086962,0.3743215422047539,1.8473518426517601,1.0986122886681098,4.072720139705924,10.802257634966432,20.486400000000003
209425,15,0.04956475410327498,0.9987709122469888,0.4849660523763337,1.6339353840344877,1.0986122886681098,3.6494636135907172,9.081967578771259,37.408
209425,2,-0.29213379707457743,0.9563774592736853,0.42105263157894735,2.3513752571634776,2.0794415416798357,3.809618171213838,4.645600254731244,42.208
209425,14,-0.8885696673591673,0.45874169883412497,0.1279754287176862,3.1963029640158087,1.9459101490553132,4.1930797929815675,2.782460580476606,47.65135552
209425,4,0.25135202608296137,0.967895737661857,0.27199782401740785,2.1226207557737693,1.3862943611198906,3.2038110495298464,3.213137939312191,23.142831999999984
209425,25,-0.9482678421844953,0.3174714152152304,0.2013449844964362,3.2516527443821377,2.3978952727983707,3.4981498992568874,1.2907921586787308,49.780409946256995
209425,7,-0.9941801916246378,0.10772997067296748,0.0898230485942693,2.495929013069736,1.0986122886681098,3.498053033490109,2.8789221240521186,5.3248
209425,1,-0.753303582004225,0.6576729531762757,0.24535863253455467,2.58226019504391,2.0794415416798357,3.621094696229862,2.9752566857665177,26.656252672000004
209425,13,-0.8300128356869738,0.5577442896120661,0.13161358252171623,2.1515296180740897,1.3862943611198906,3.8021987950970497,5.764619817879129,24.4758592
209425,39,0.907540974047385,0.41996354654317736,0.2069393667655377,2.740646456805198,1.791759469228055,4.268170009717647,4.8555474516224235,41.18307200000001
209425,16,-0.9963327233869144,0.0855634519430711,0.16840687100033683,1.937013548547558,1.0986122886681098,3.0573134698282054,3.4136640169370476,10.2912
209425,12,-0.37023071574774374,0.928939835036109,0.36791758646063283,2.2141909422314505,1.6094379124341003,3.51142396933017,3.9852748367494555,32.7058048
209425,6,-0.5628787975508436,0.8265394481013701,0.6337135614702155,1.7464133674611781,1.6094379124341003,2.1469148959945143,1.5966231577815626,7.62865198495613
209425,34,0.9968979880978803,0.07870451909768943,0.14142271248762553,2.088277390342235,1.0986122886681098,3.813874396153999,6.268661980833502,9.885126400000011
209425,27,-0.8890950270369748,0.4577226593671338,0.2006152200080246,2.7697095814889376,1.9459101490553132,3.5436538847500727,2.2464282267955973,39.88162243111266
209425,19,-0.999837952631567,0.018001902052752886,0.14062719729995782,2.0932211650882078,1.0986122886681098,2.9878237519729978,2.649761407675915,23.3536
209425,17,-0.9994431859654191,0.03336642065449433,0.5310674455655868,1.5615073786765503,1.0986122886681098,3.0691513011981955,5.449715306432305,8.8768
209425,21,-0.9506658895869821,0.3102166442597688,0.158052789631737,1.9915661551778268,0.6931471805599453,2.4763186806590847,1.7223621978299395,3.4307399741833393
209425,24,-0.9718324929061114,0.235672666492941,0.5405405405405405,2.128231705849268,1.791759469228055,3.6949432477621276,5.303147111685594,18.424802559999996
209425,40,0.7971519715109123,0.6037787130367097,0.17901096442157083,3.1503828284229005,2.0794415416798357,4.022750705654608,2.454890762802511,51.49740800000001
209425,44,-0.008352696032647019,0.9999651156260331,0.44454323182929545,1.7045662575256777,1.3862943611198906,2.961008262668262,4.071446764256929,18.316799999999994
209425,37,0.8478563246241532,0.530226039340603,0.16798252981689904,1.9391732211168808,1.0986122886681098,2.743605385757018,2.442956900565021,10.77772066318174
209425,38,0.9558704335805681,0.2937885535661592,0.07047961377171653,3.38021205525302,1.6094379124341003,3.198827067769175,0.8282683888607391,7.223647999999997
209425,33,0.9966000790252503,0.08239103401987628,0.44573211499888565,1.7023816580768383,1.3862943611198906,3.609973640594638,8.01539523612524,3.1167999999999996
209425,41,0.7066612691611777,0.7075520126941284,1.2463647694225177,1.2258321386788296,1.791759469228055,2.404113698338832,4.183056003723372,7.644926847999997
209425,22,-0.9261661742239375,0.3771156556328508,0.30883261272390367,1.4440914598461072,1.0986122886681098,3.0585766190067676,6.268443952205744,7.654399999999999
209425,42,0.9932930294707418,0.1156242085587449,0.28224668360146765,2.0901341712185793,1.3862943611198906,3.340493322584805,3.843219202978426,12.006400000000001
209425,18,-0.6680475800913278,0.7441185595952575,0.2399232245681382,2.233877894984255,1.791759469228055,3.126694728917802,2.6149831632433136,16.451417600000006
212200,38,0.94271894862699,0.3335880451988982,0.29395553922469225,3.3398537514211033,2.8903717578961645,4.01525972021041,2.000282631705935,58.8224
212200,23,0.6419496351116257,0.7667468069578437,0.1266303659617576,2.1857141412626304,1.9459101490553132,2.603293975205766,1.5839129260664198,26.314860799999998
212200,2,0.06199349109749449,0.9980765537079532,0.0,1.3190856114264407,1.0986122886681098,3.225435350867801,8.819170500067356,24.2150976
212200,48,-0.9927282522427796,0.12037697952264861,0.2982626202371188,2.6679918038562245,2.0794415416798357,4.4464837266795065,6.287852136080551,21.43141062431951
212200,31,0.506759189981101,0.862087654110473,0.1848258016819148,2.46987761076824,1.6094379124341003,2.349491816031841,0.8760967082544387,15.982348966196694
212200,33,0.6544284499029457,0.7561239342578885,0.34894270360806756,2.7297464591839704,2.3978952727983707,3.5344995276198654,2.322412959791503,42.40128
212200,4,0.33679393969975113,0.9415783781404076,0.0,1.9941559473974755,1.6094379124341003,3.4276940194607364,4.696741859959086,28.0642368
212200,35,0.997853277144439,0.06548921508235395,0.15032319486896828,3.042472719437806,2.0794415416798357,3.986969655076569,2.650264686376121,48.01860340379926
212200,40,-0.46251523124995453,0.8866113358523009,0.14152278516841213,2.0876576964511764,1.0986122886681098,3.681759118306646,5.4792241931774415,34.32622016
212200,12,0.8340106926536724,0.5517482800510949,0.6057852491291837,2.0285429062462996,2.0794415416798357,3.01298033583042,2.9301761896317076,11.5968
212200,60,-0.9114270084608406,0.41146179439666425,0.3552082408311873,2.50642349325025,1.9459101490553132,3.764059993653879,3.740622570503375,35.46369984000001
212200,32,0.6942332673312548,0.7197500750472831,0.2320185614849188,1.6695918352538475,1.0986122886681098,3.6494823784519816,8.690198581494553,29.223667199999998
212200,37,0.7865474933987525,0.6175297892637566,0.20525451559934318,2.3743474592209366,1.3862943611198906,4.250384856337992,7.094868437134003,45.732300800000004
212200,9,0.9703653853914327,0.24164233659302337,0.1823819077147547,2.48206929496784,1.6094379124341003,3.5653435488357483,3.132554834768853,14.271999999999998
212200,52,-0.04959917871164448,0.9987692033053133,0.3146633102580239,1.9955163067420747,1.3862943611198906,3.398480691113395,4.549812757940039,29.218265600000002
212200,30,0.9655207382814475,0.26032614918299724,0.149678191887442,2.0387497470165448,1.3862943611198906,3.9164949116344085,7.367773687324667,24.275473279999993
212200,15,0.2113993749961213,0.9773997668565555,0.40744261849789487,2.1238172143993888,1.9459101490553132,2.439754951055933,1.4220059256715556,19.22983168
212200,61,-0.525333690230568,0.8508963003261528,0.4444444444444444,1.1786549963416462,1.0986122886681098,2.0291515957064172,2.9367241220967597,5.62240730378408
212200,3,0.9988253186790514,0.04845598792400519,0.13137151865475566,2.1531565795021166,1.0986122886681098,3.2916581270878944,3.400868294316357,7.6288
212200,1,0.673607443422472,0.7390893127125038,0.2830188679245283,2.451005098112319,1.791759469228055,3.6762493402477188,3.6318841935372204,35.1612544
212200,24,0.4692745275265769,0.8830523301677574,0.15016142353029505,2.661587326691869,1.791759469228055,1.6576292630953893,0.3188570591005812,19.13861568
212200,6,0.9926083308791592,0.12136186167527875,0.49170251997541486,2.21211318982997,2.0794415416798357,2.7341476810154806,1.769712970454629,18.0928
212200,43,-0.9937320744948844,0.11178803209687958,0.21468441391155,1.7330704728793755,1.0986122886681098,3.801664431454612,9.397949442627668,17.1867936
212200,39,0.9237297866377178,0.3830447510125107,0.1890359168241966,3.098288861879083,2.1972245773362196,4.262785306489625,3.3084823197277617,45.03427292888897
212200,55,-0.9985017139388153,0.054720446464263404,0.4737839545167404,1.9922483299774585,1.6094379124341003,4.0963720875908916,9.336982774998745,9.223700864000001
212200,5,0.9755973914870338,0.2195671417213773,0.23815194093831865,1.6484662994015786,1.0986122886681098,3.713139558218653,9.521855438518447,15.95759616
212200,46,-0.9704382158897069,0.24134968228858805,0.08143985666585227,2.5861838400081902,1.0986122886681098,3.605231080838944,2.9147474860920277,14.503244799999997
212200,62,-0.8774080065703509,0.47974492181391887,0.46511627906976744,1.667706820558076,1.0986122886681098,2.693081064130601,3.20398491956977,7.4607106273474955
212200,28,0.976535482965203,0.2153565659781884,0.1662510390689942,1.9480507135544243,1.3862943611198906,3.533225320048586,5.5252212823163935,8.012799999999999
212200,56,-0.9815270795041259,0.19132326622787219,0.22900763358778625,2.6461747973841225,1.791759469228055,4.298230859346444,5.539658295067718,20.617520216262726
212200,53,-0.809200268444495,0.5875329144391462,0.2761096155173604,2.7400009623340376,2.0794415416798357,3.565406356944312,2.37135478392384,24.267198080000007
212200,47,-0.9325065144556394,0.36115315379738083,0.6818956699624957,1.9265816950355004,1.9459101490553132,2.5086464306244367,1.9243582937550292,7.500799999999998
212200,14,0.7825715901803904,0.6225606044736008,0.13655605626109518,2.1190227667639583,1.0986122886681098,3.4227860809009,4.049529241885049,18.461849600000004
212200,16,-0.9341090037704686,0.3569879116650066,0.36643459142543056,2.477882034851036,2.0794415416798357,4.053503007624019,5.184946257835827,21.1545472
212200,26,0.9877477260557271,0.1560590582816013,0.5454545454545454,1.8718021769015913,1.791759469228055,1.8823989692184842,1.0125900712004614,12.09470773293316
212200,58,-0.6592839670866293,0.751894042231029,0.22558087074216107,2.2890945028115466,1.6094379124341003,3.0526448441534333,2.2751257766718074,15.599615469933532
212200,20,0.5369498157415072,0.843614186328775,0.27067262146433885,2.1269213238641576,1.791759469228055,3.6274767315637373,4.955714848154182,31.865486898464
212200,51,-0.4601388255452622,0.8878469807494008,0.4677268475210477,1.663168234855068,1.3862943611198906,3.4844923800274996,7.391457323816044,28.061177600000004
212200,29,0.8993140872155845,0.43730329582064686,0.26343519494204426,2.7840230998654443,2.1972245773362196,3.2923509050705513,1.70614086639212,41.4471872
212200,27,-0.633521411607642,0.7737251585897027,0.29577048210588586,2.0492400329467144,1.3862943611198906,3.978366878840016,7.753579673894156,40.5661824
212200,10,-0.970561313084637,0.2408541831553385,0.3803004373455029,2.4439110290844805,2.1972245773362196,3.85300626406042,4.386247324056504,22.643165440000004
212200,17,0.9571502705623967,0.2895917118329372,0.3817279552105866,2.1814338914298954,1.791759469228055,3.9621204975935083,6.561735539303821,15.925038656000002
212200,13,0.9426968841355015,0.3336503928383975,0.8956560680698611,1.173410498743296,1.0986122886681098,3.285714231799368,11.521749903682649,9.17361984
212200,49,-0.9173606425824837,0.39805709570443815,0.3094059405940594,2.010091463545043,1.3862943611198906,3.863000906423696,7.210396717790743,22.9056
212200,45,-0.9884209467482474,0.15173671944950662,0.35137034434293746,2.2552838198760328,1.791759469228055,3.1612908309602603,2.6471118797945685,19.307573692037025
212200,22,-0.6927771575444499,0.7211517246631478,0.4730368968779565,2.2466494606637424,1.791759469228055,3.9666700533316472,6.126819845388698,40.0640868135766
212200,44,-0.9935464632244129,0.11342585866662157,0.15637216575449572,2.000804096162763,1.0986122886681098,2.750212449881217,2.2902197830357482,9.418872131142184
212200,41,-0.8637151496141225,0.5039802975584002,0.2516039753428104,2.191541794200721,1.6094379124341003,3.7233574920908894,5.082799324147137,23.3844416
212200,25,0.1737312324953842,0.9847931045938713,0.3438493939654432,2.5363124378479003,2.0794415416798357,3.4694169882459502,2.6749773752937833,46.011203456000004
212200,21,0.9901814464428652,0.13978806501384697,0.2337540906965872,2.257169229463563,1.6094379124341003,3.9969903955765984,6.2452171831191094,8.0326464
212200,57,0.9440920598024937,0.329681941601121,0.6001500375093773,2.0366645123237777,1.9459101490553132,3.0844829637084294,3.1292068252792933,15.493280000000002
212200,8,0.9172696893377351,0.39826664060934774,0.457351932311914,1.6813864117466844,1.0986122886681098,2.975150362216365,4.251673681734635,7.724799999999999
212200,36,0.6888622213272592,0.7248922954674536,0.17777777777777778,2.505525936990736,1.791759469228055,2.496964857756159,0.9907177257801361,9.610937014953343
212200,34,0.06210871070956235,0.9980693904002848,0.2398771828823642,3.083926284289907,2.3978952727983707,3.0769780858712497,0.9927436970381369,27.569004800000002
212200,54,-0.888730704400462,0.45842964024576194,0.2164970772894566,2.3261062880353913,1.6094379124341003,3.7260297505531312,4.385576939272517,30.367968000000005
212200,42,-0.7842650179272521,0.6204259679087964,0.2359882005899705,2.24865675096849,1.6094379124341003,3.28025023510722,3.018575070599416,19.9952768
212200,7,0.9938401624911296,0.11082297333858544,0.44120891242003085,1.7107301639159727,1.3862943611198906,3.0128926513704184,4.267851149140719,4.2624
212200,19,-0.03037160122860188,0.9995386765097242,0.6198090987975703,2.204641448663919,2.0794415416798357,3.392973290641466,3.564433993922803,29.44182400000001
212200,11,0.4234709823822237,0.9059096682783745,0.2700999369766814,2.493783797725603,1.9459101490553132,3.462924842095046,2.7829452032105633,28.522727680000003
212200,59,0.9046923540714549,0.4260654227752464,0.27563395810363833,2.110940208739207,1.6094379124341003,3.834815750469111,6.241027964629715,20.5487296
212200,18,0.51046718908835,0.8598972315714469,0.14417531718569782,2.0714093699825717,1.0986122886681098,3.5529443473418927,4.889845881790696,29.164249599999998
212200,50,0.872281282432568,0.4890044624722711,0.4661280298321939,2.0063330698591977,1.791759469228055,2.464634102146417,1.6717182576863026,11.916799999999999
