secuencia_rival_id,tipologia,cluster_trayectoria,period,match_time,point_order,ball_x_m,ball_y_m,tipo_finalizacion_tiro
1,T2,2,0,263,0,49.40556864,31.285122560000005,0
1,T2,2,0,783,1,44.58031584,31.389711360000003,0
1,T2,2,0,1263,2,37.1586,31.4624,0
1,T2,2,0,1503,3,34.312799999999996,31.5008,0
1,T2,2,0,2023,4,34.1802,31.3472,0
1,T2,2,0,2503,5,34.0578,31.2,0
1,T2,2,0,3023,6,33.9354,31.04,0
1,T2,2,0,3503,7,36.9138,34.144,0
1,T2,2,0,4023,8,41.8404,39.2576,0
1,T2,2,0,4263,9,44.1048,41.6192,0
1,T2,2,0,4783,10,49.0212,46.7328,0
1,T2,2,0,5263,11,53.5602,51.456,0
1,T2,2,0,5783,12,58.476600000000005,56.576,0
1,T2,2,0,6263,13,61.0266,59.7568,0
1,T2,2,0,6783,14,59.465999999999994,59.8656,0
1,T2,2,0,7023,15,58.7418,59.9168,0
1,T2,2,0,7503,16,57.303599999999996,60.0192,0
1,T2,2,0,8023,17,53.315400000000004,59.1936,0
1,T2,2,0,8503,18,47.7258,57.6832,0
1,T2,2,0,9023,19,42.956029508498936,58.11124215875089,0
1,T2,2,0,9503,20,44.10000887080259,61.469595459397425,0
1,T2,2,0,9783,21,43.39515387165373,61.70384180850154,0
1,T2,2,0,10263,22,45.96500992947293,60.168289634561674,0
1,T2,2,0,10783,23,45.92923116,55.9985261824,0
2,T0,0,0,48023,0,75.82679999999999,32.9728,0
2,T0,0,0,49503,1,75.71459999999999,25.44,0
2,T0,0,0,51023,2,76.23479999999999,11.9616,0
2,T0,0,0,52263,3,76.16340000000001,2.72,0
2,T0,0,0,53783,4,72.9912,2.6304,0
2,T0,0,0,55263,5,66.504,2.8416,0
2,T0,0,0,56783,6,51.5814,3.8144,0
2,T0,0,0,58023,7,39.4026,4.608,0
2,T0,0,0,59503,8,24.8778,5.5552,0
2,T0,0,0,61023,9,11.4852,6.7264,0
2,T0,0,0,62503,10,8.8332,15.648,0
2,T0,0,0,64023,11,6.4936504799999994,30.258457600000003,0
2,T0,0,0,65263,12,8.904635157772343,36.89452199324302,0
2,T0,0,0,66783,13,14.757714960000003,45.219264,0
2,T0,0,0,68263,14,16.31189188962294,43.41465694362576,0
2,T0,0,0,69783,15,17.56025472,36.37250368,0
2,T0,0,0,71263,16,16.79159177637507,21.0147931579113,0
2,T0,0,0,72503,17,16.605774930000003,21.906721600000004,0
2,T0,0,0,74023,18,17.114143440000003,34.81749056,0
2,T0,0,0,75503,19,19.757818200000003,38.46060800000001,0
2,T0,0,0,77023,20,22.736423249301374,50.72754579555068,0
2,T0,0,0,78263,21,27.755945707321334,57.078315231733846,0
2,T0,0,0,79783,22,32.2540524,62.850542016,0
2,T0,0,0,81263,23,33.8327574,62.59383744,0
3,T3,3,0,111503,0,37.893,41.4592,0
3,T3,3,0,111783,1,35.5572,38.8864,0
3,T3,3,0,112023,2,33.5478,36.6784,0
3,T3,3,0,112503,3,27.27545601122844,30.833526313963603,0
3,T3,3,0,112783,4,25.859088226665786,28.784042707612556,0
3,T3,3,0,113023,5,23.736226199999997,26.373497599999997,0
3,T3,3,0,113263,6,23.533246199999997,25.646457599999994,0
3,T3,3,0,113783,7,23.63518806,25.234922880000003,0
3,T3,3,0,114023,8,23.673512520000003,25.08551296,0
3,T3,3,0,114263,9,23.694691800000005,24.9584064,0
3,T3,3,0,114503,10,23.898600000000002,25.0496,0
3,T3,3,0,114783,11,26.2854,20.768,0
3,T3,3,0,115263,12,30.375600000000002,13.4208,0
3,T3,3,0,115503,13,32.415600000000005,9.7472,0
3,T3,3,0,115783,14,34.8024,5.4592,0
3,T3,3,0,116023,15,36.4548,2.4512,0
3,T3,3,0,116263,16,36.1794,2.7648,0
3,T3,3,0,116783,17,35.5674,3.4432,0
3,T3,3,0,117023,18,35.2818,3.7568,0
3,T3,3,0,117263,19,35.0064,4.0704,0
3,T3,3,0,117503,20,34.7208,4.384,0
3,T3,3,0,118023,21,35.077799999999996,7.9488,0
3,T3,3,0,118263,22,35.445,10.1888,0
3,T3,3,0,118503,23,35.812200000000004,12.4288,0
4,T0,0,0,124783,0,30.436799999999998,5.9264,0
4,T0,0,0,125023,1,29.6412,8.4672,0
4,T0,0,0,125503,2,28.039799999999996,13.5616,0
4,T0,0,0,125783,3,25.142165130141745,20.59167122921805,0
4,T0,0,0,126023,4,24.88126966624974,22.095814516646637,0
4,T0,0,0,126503,5,23.5864698,26.9274496,0
4,T0,0,0,126783,6,23.6680698,27.512409599999998,0
4,T0,0,0,127023,7,24.199203179999998,28.100207360000002,0
4,T0,0,0,127503,8,25.446097079999998,29.51862016,0
4,T0,0,0,127783,9,26.1886122,30.407334400000003,0
4,T0,0,0,128023,10,27.662399999999998,30.7584,0
4,T0,0,0,128503,11,29.273999999999997,32.0384,0
4,T0,0,0,128783,12,30.202199999999998,32.7872,0
4,T0,0,0,129263,13,31.8138,34.0672,0
4,T0,0,0,129503,14,32.6094,34.7072,0
4,T0,0,0,129783,15,33.5478,35.456,0
4,T0,0,0,130263,16,35.1492,36.736,0
4,T0,0,0,130503,17,35.955,37.376,0
4,T0,0,0,130783,18,36.8934,38.1248,0
4,T0,0,0,131263,19,38.4948,39.4048,0
4,T0,0,0,131503,20,39.20828817287095,40.73293866437758,0
4,T0,0,0,131783,21,40.26551559972522,41.14655638925754,0
4,T0,0,0,132263,22,42.240189,41.9738944,0
4,T0,0,0,132503,23,42.879729000000005,42.9076544,0
5,T2,2,0,163783,0,70.21078710000002,61.87223168,0
5,T2,2,0,164263,1,69.9874326,60.853998080000004,0
5,T2,2,0,164503,2,69.97194900000001,60.23550720000001,0
5,T2,2,0,165023,3,69.7374,59.3856,0
5,T2,2,0,165503,4,69.50280000000001,58.4512,0
5,T2,2,0,166023,5,69.10533730862379,56.5538193997933,0
5,T2,2,0,166263,6,68.90782934188246,56.40052383115254,0
5,T2,2,0,166783,7,68.4691524,55.7456512,0
5,T2,2,0,167263,8,69.18608875406251,58.40992820964666,0
5,T2,2,0,167783,9,68.69579150399998,61.645905792,0
5,T2,2,0,168023,10,69.08060976,61.846363520000004,0
5,T2,2,0,168503,11,70.76279682,61.957283392,0
5,T2,2,0,169023,12,72.5709367198907,62.341906976078015,0
5,T2,2,0,169503,13,74.3723412,62.66450112,0
5,T2,2,0,169783,14,75.27912119999999,61.87922112,0
5,T2,2,0,170263,15,78.81456156,59.203326656,0
5,T2,2,0,170783,16,83.6996510608845,55.01521950770536,0
5,T2,2,0,171263,17,87.4898710868937,52.66735320727706,0
5,T2,2,0,171503,18,88.8505272,51.5157312,0
5,T2,2,0,172023,19,91.95307752000001,50.406017920000004,0
5,T2,2,0,172503,20,91.87363802874498,49.352485472629496,0
5,T2,2,0,173023,21,91.18797959999999,47.79509759999999,0
5,T2,2,0,173263,22,91.3960596,47.44501759999999,0
5,T2,2,0,173783,23,87.19508148,46.76588287999999,0
6,T0,0,0,178023,0,38.9255664,39.26733184,0
6,T0,0,0,178503,1,34.571798400000006,38.34229504,0
6,T0,0,0,179263,2,27.183,36.3072,0
6,T0,0,0,179783,3,22.2972,35.104,0
6,T0,0,0,180503,4,14.061440737892674,33.32773020082131,0
6,T0,0,0,181023,5,11.023803,32.3219584,0
6,T0,0,0,181503,6,10.6735299,32.368561920000005,0
6,T0,0,0,182263,7,10.5876,32.288,0
6,T0,0,0,182783,8,10.4142,32.2752,0
6,T0,0,0,183503,9,10.1694,32.2496,0
6,T0,0,0,184023,10,9.9858,32.2368,0
6,T0,0,0,184503,11,9.429575210252686,32.57490166025857,0
6,T0,0,0,185263,12,9.554601120000001,32.203187199999995,0
6,T0,0,0,185783,13,12.13677328006153,25.36937225513821,0
6,T0,0,0,186263,14,14.792456568,20.25271168,0
6,T0,0,0,187023,15,15.0455457,19.611646080000003,0
6,T0,0,0,187503,16,15.004761,19.5823424,0
6,T0,0,0,188263,17,15.993599999999999,19.6224,0
6,T0,0,0,188783,18,15.46503659627929,19.767999303862144,0
6,T0,0,0,189263,19,16.217918400000002,19.922630400000003,0
6,T0,0,0,190023,20,16.57693392,14.93826752,0
6,T0,0,0,190503,21,16.0822176,9.859705600000002,0
6,T0,0,0,191263,22,15.310200000000002,4.736,0
6,T0,0,0,191783,23,14.994,4.1088,0
7,T0,0,0,400503,0,31.4147556,59.49253376,0
7,T0,0,0,401023,1,31.646228280000003,59.459871488000005,0
7,T0,0,0,401783,2,31.977,59.4944,0
7,T0,0,0,402263,3,32.1708,59.4944,0
7,T0,0,0,402783,4,32.3748,59.4944,0
7,T0,0,0,403263,5,32.568599999999996,59.4944,0
7,T0,0,0,404023,6,32.8746,59.4944,0
7,T0,0,0,404503,7,33.93123911054764,59.66681291581465,0
7,T0,0,0,405023,8,34.1624112,59.892692479999994,0
7,T0,0,0,405503,9,30.31674192,58.173875968000004,0
7,T0,0,0,406263,10,21.028112272050226,53.84919864316237,0
7,T0,0,0,406783,11,15.5620788,52.106438399999995,0
7,T0,0,0,407263,12,13.74982644,51.04588992,0
7,T0,0,0,407783,13,11.855692358805468,50.11140075979167,0
7,T0,0,0,408503,14,9.66904308,48.0233856,0
7,T0,0,0,409023,15,9.055896804000001,41.32339328,0
7,T0,0,0,409503,16,8.47987812,36.170918400000005,0
7,T0,0,0,410023,17,8.599297640782426,25.508984562971722,0
7,T0,0,0,410783,18,8.347970700000001,19.1937792,0
7,T0,0,0,411263,19,9.47775891,17.95805696,0
7,T0,0,0,411783,20,10.6338723,16.8050688,0
7,T0,0,0,412263,21,12.994800000000001,16.5824,0
7,T0,0,0,413023,22,16.1262,16.8256,0
7,T0,0,0,413503,23,18.105,16.9792,0
8,T0,0,0,424503,0,27.4686,21.5424,0
8,T0,0,0,425023,1,21.797780444322978,27.832645758018344,0
8,T0,0,0,425783,2,18.890654999999995,31.195302399999996,0
8,T0,0,0,426263,3,19.0889685,31.69664384,0
8,T0,0,0,427023,4,19.368015,32.9783936,0
8,T0,0,0,427503,5,19.88471973585085,33.64697528721411,0
8,T0,0,0,428023,6,20.854308000000003,34.036332800000004,0
8,T0,0,0,428783,7,20.2983264,38.82764864000001,0
8,T0,0,0,429263,8,19.608072000000003,42.554579200000006,0
8,T0,0,0,430023,9,19.216800000000003,48.1728,0
8,T0,0,0,430503,10,18.5946,48.8896,0
8,T0,0,0,431023,11,20.8386,51.8592,0
8,T0,0,0,431783,12,27.612272484609207,59.081697393596606,0
8,T0,0,0,432263,13,30.473305799999995,62.42257472000001,0
8,T0,0,0,432783,14,32.634888780000004,62.293199552000004,0
8,T0,0,0,433503,15,39.09619516928111,61.032156982118266,0
8,T0,0,0,434023,16,42.7744854,61.64357568,0
8,T0,0,0,434783,17,41.088600840000005,62.043059328000005,0
8,T0,0,0,435263,18,39.7392,62.56,0
8,T0,0,0,435783,19,38.811,62.8096,0
8,T0,0,0,436503,20,39.8412,62.2016,0
8,T0,0,0,437023,21,40.70044719325796,61.47192014328991,0
8,T0,0,0,437783,22,41.671589999999995,61.1112384,0
8,T0,0,0,438263,23,43.717149,55.957057920000004,0
9,T0,0,0,546023,0,1.3986307004678578,36.98099770710364,0
9,T0,0,0,546263,1,1.8535296278956042,38.33373636116197,0
9,T0,0,0,546783,2,2.677862384766099,40.31113104944432,0
9,T0,0,0,547023,3,2.754441520557304,40.542352068128125,0
9,T0,0,0,547263,4,3.0517994448000003,40.444710400000005,0
9,T0,0,0,547783,5,3.1097874647999997,44.46005856,0
9,T0,0,0,548023,6,5.309695211654375,51.232986408561445,0
9,T0,0,0,548263,7,5.830495854602631,52.54972940832185,0
9,T0,0,0,548503,8,6.357081738418607,53.87166603260215,0
9,T0,0,0,549023,9,8.630774312459783,56.919549861981565,0
9,T0,0,0,549263,10,8.764422863310365,56.47993344360861,0
9,T0,0,0,549503,11,9.0555857448,55.863111423999996,0
9,T0,0,0,550023,12,16.333694859306327,58.37112249090872,0
9,T0,0,0,550263,13,18.17403609120019,59.3863072914685,0
9,T0,0,0,550503,14,19.641814155853382,60.350098986758795,0
9,T0,0,0,551023,15,24.4895268,62.83076288,0
9,T0,0,0,551263,16,22.905521880000002,62.766188608,0
9,T0,0,0,551503,17,21.438504840000004,62.725284544000004,0
9,T0,0,0,551783,18,19.683719280000002,62.686328448000005,0
9,T0,0,0,552263,19,17.98219171622433,62.510147721581106,0
9,T0,0,0,552503,20,18.184338074857394,62.86518370351236,0
9,T0,0,0,552783,21,20.62614419999999,62.828467200000006,0
9,T0,0,0,553263,22,20.006240219999995,61.597483520000004,0
9,T0,0,0,553503,23,20.000426355293047,60.77990251270992,0
10,T0,0,0,595263,0,5.301605448000001,38.138701440000006,0
10,T0,0,0,595783,1,5.1754334879999995,37.83963264,0
10,T0,0,0,596023,2,5.04022392,37.76933760000001,0
10,T0,0,0,596503,3,5.4366,36.8512,0
10,T0,0,0,597023,4,5.477399999999999,36.3392,0
10,T0,0,0,597263,5,5.497800000000001,36.1024,0
10,T0,0,0,597783,6,5.5386,35.5904,0
10,T0,0,0,598263,7,5.5692,35.1232,0
10,T0,0,0,598783,8,5.61,34.6112,0
10,T0,0,0,599023,9,5.6304,34.3744,0
10,T0,0,0,599503,10,5.6712,33.9008,0
10,T0,0,0,600023,11,5.133992829279603,34.20861788224117,0
10,T0,0,0,600263,12,5.431004690284124,33.6865719013687,0
10,T0,0,0,600783,13,5.808018720000001,32.5897408,0
10,T0,0,0,601263,14,7.421761536000001,25.93715904,0
10,T0,0,0,601503,15,7.962798912,23.381735680000002,0
10,T0,0,0,602023,16,10.312199999999999,15.36,0
10,T0,0,0,602503,17,9.69,14.4192,0
10,T0,0,0,603023,18,9.0168,13.4016,0
10,T0,0,0,603263,19,8.7108,12.928,0
10,T0,0,0,603783,20,8.0376,11.9104,0
10,T0,0,0,604263,21,6.96608139682676,11.230664779736294,0
10,T0,0,0,604503,22,6.806408287996536,10.672892141808596,0
10,T0,0,0,605023,23,6.54975048,9.5563904,0
11,T0,0,0,719023,0,26.438399999999998,17.0176,0
11,T0,0,0,719263,1,25.041,17.8752,0
11,T0,0,0,719503,2,23.6436,18.7328,0
11,T0,0,0,719783,3,20.371017050133148,19.889422011240278,0
11,T0,0,0,720023,4,19.508151723765838,20.640690901680138,0
11,T0,0,0,720263,5,18.56131145963477,21.422455310433246,0
11,T0,0,0,720503,6,17.2025958,22.144032,0
11,T0,0,0,720783,7,16.3988358,23.156512,0
11,T0,0,0,721023,8,15.088185780000002,23.9650272,0
11,T0,0,0,721263,9,13.902372539999998,24.724649600000003,0
11,T0,0,0,721503,10,12.67649268,25.510163200000004,0
11,T0,0,0,721783,11,7.5001326598199825,29.040035322718282,0
11,T0,0,0,722023,12,6.819349533074457,28.84674407611923,0
11,T0,0,0,722263,13,6.4216168746796916,28.831782134277695,0
11,T0,0,0,722503,14,4.559548919999999,29.8783104,0
11,T0,0,0,722783,15,5.1817489199999995,29.0815104,0
12,T0,0,0,760503,0,21.6546,22.6048,0
12,T0,0,0,761263,1,30.0798,24.2368,0
12,T0,0,0,762263,2,40.0146,25.6896,0
12,T0,0,0,763023,3,41.106,22.9568,0
12,T0,0,0,763783,4,42.1974,20.2176,0
12,T0,0,0,764783,5,43.6458,16.6144,0
12,T0,0,0,765503,6,44.676,14.016,0
12,T0,0,0,766263,7,45.7674,11.2768,0
12,T0,0,0,767023,8,46.869,8.5376,0
12,T0,0,0,768023,9,48.3072,4.9344,0
12,T0,0,0,768783,10,42.9828,4.3328,0
12,T0,0,0,769503,11,36.3324,4.3008,0
12,T0,0,0,770503,12,34.0578,4.9024,0
12,T0,0,0,771263,13,31.8546,10.3424,0
12,T0,0,0,772023,14,25.05221245933639,25.978034009649782,0
12,T0,0,0,773023,15,23.26503006,32.69561728000001,0
12,T0,0,0,773783,16,25.760201896493683,32.795348294492555,0
12,T0,0,0,774503,17,28.210077780000002,36.17309120000001,0
12,T0,0,0,775263,18,29.3992662,45.249568000000004,0
12,T0,0,0,776263,19,32.4054,51.872,0
12,T0,0,0,777023,20,34.115362479958385,52.25288625449447,0
12,T0,0,0,777783,21,37.93415242109132,56.9487434884893,0
12,T0,0,0,778783,22,41.401733070327886,62.77146577059274,0
12,T0,0,0,779503,23,41.49081805200001,63.137158310400004,0
13,T3,3,0,805023,0,41.89508526,36.71015744,0
13,T3,3,0,806263,1,45.45975037274007,35.27152553035695,0
13,T3,3,0,807263,2,47.6948838,33.565196799999995,0
13,T3,3,0,808503,3,48.562200000000004,22.3936,0
13,T3,3,0,809783,4,49.3986,11.488,0
13,T3,3,0,810783,5,52.3566,8.5696,0
13,T3,3,0,812023,6,56.4162,5.9008,0
13,T3,3,0,813263,7,60.4758,3.2256,0
13,T3,3,0,814263,8,63.7398,1.0752,0
13,T3,3,0,815503,9,57.1608,0.5312,0
13,T3,3,0,816783,10,50.398199999999996,2.1312,0
13,T3,3,0,817783,11,41.626200000000004,6.72,0
13,T3,3,0,819023,12,31.140600000000003,12.2816,0
13,T3,3,0,820023,13,32.0484,14.4512,0
13,T3,3,0,821263,14,30.037214999999996,34.761344,0
13,T3,3,0,822503,15,32.3707506,37.5262208,0
13,T3,3,0,823503,16,33.134363400000005,46.348851200000006,0
13,T3,3,0,824783,17,35.835354,52.8267968,0
13,T3,3,0,826023,18,43.489026,55.20923520000001,0
13,T3,3,0,827023,19,54.6924,56.6656,0
13,T3,3,0,828263,20,65.8818,58.6048,0
13,T3,3,0,829503,21,77.0712,60.544,0
13,T3,3,0,830503,22,86.5621572,62.520752,0
13,T3,3,0,831783,23,91.5271908,62.481328,0
14,T2,2,0,925783,0,60.50639999999999,62.0864,0
14,T2,2,0,926023,1,62.903400000000005,60.4992,0
14,T2,2,0,926263,2,65.3004,58.9184,0
14,T2,2,0,926503,3,69.95409879953026,54.89773202528562,0
14,T2,2,0,926783,4,71.97808035026088,53.78918815798902,0
14,T2,2,0,927023,5,73.71583313964625,52.826258981125356,0
14,T2,2,0,927503,6,76.9148034,51.2851648,0
14,T2,2,0,927783,7,78.63138894000001,51.82325568,0
14,T2,2,0,928023,8,79.90095642000001,52.21029824,0
14,T2,2,0,928263,9,81.19534764000001,52.609742080000004,0
14,T2,2,0,928503,10,82.5308826,53.0292672,0
14,T2,2,0,928783,11,83.8746,53.5872,0
14,T2,2,0,929023,12,85.1088,53.9968,0
14,T2,2,0,929263,13,86.3532,54.4,0
14,T2,2,0,929503,14,87.006,55.008,0
14,T2,2,0,929783,15,87.108,55.936,0
14,T2,2,0,930023,16,87.1896,56.736,0
14,T2,2,0,930263,17,87.27120000000001,57.536,0
14,T2,2,0,930783,18,88.38601437392325,59.26682893632356,0
14,T2,2,0,931023,19,88.184333529371,60.19476168384631,0
14,T2,2,0,931263,20,87.9641943385248,61.0024194069426,0
14,T2,2,0,931503,21,87.9205626,61.9510272,0
14,T2,2,0,931783,22,79.92157845377467,60.90576168750378,0
14,T2,2,0,932023,23,76.17661878267697,61.32696476496739,0
15,T2,2,0,933023,0,63.45509046,61.668992,0
15,T2,2,0,933263,1,63.112125610590695,61.95527364655425,0
15,T2,2,0,933503,2,63.19784581829291,61.90883645580242,0
15,T2,2,0,933783,3,63.51466296172399,61.71966252901199,0
15,T2,2,0,934023,4,62.187484502899046,58.0534841648755,0
15,T2,2,0,934263,5,62.121144009154946,57.988445364120906,0
15,T2,2,0,934503,6,61.061443765948745,55.9533527235318,0
15,T2,2,0,934783,7,58.859534622,52.2680646976,0
15,T2,2,0,935023,8,58.964757924,51.7901483392,0
15,T2,2,0,935263,9,60.28641048000001,52.285357824,0
15,T2,2,0,935503,10,59.9190636,50.3411648,0
15,T2,2,0,935783,11,60.6079512,49.5436416,0
15,T2,2,0,936023,12,61.246308000000006,48.86086400000001,0
15,T2,2,0,936263,13,61.8834,48.448,0
15,T2,2,0,936503,14,62.883,48.5568,0
15,T2,2,0,936783,15,64.0458,48.6848,0
15,T2,2,0,937023,16,65.0454,48.7936,0
15,T2,2,0,937263,17,66.045,48.9024,0
15,T2,2,0,937503,18,67.0446,49.0112,0
15,T2,2,0,937783,19,68.21759999999999,49.1328,0
15,T2,2,0,938023,20,69.21719999999999,49.2416,0
15,T2,2,0,938263,21,70.7268,49.344,0
15,T2,2,0,938503,22,72.22619999999999,49.4464,0
16,T0,0,0,940783,0,48.4806,51.6864,0
16,T0,0,0,941783,1,46.92,51.9232,0
16,T0,0,0,942783,2,43.2276,50.7968,0
16,T0,0,0,944023,3,30.304199999999998,44.0448,0
16,T0,0,0,945023,4,18.55669486660623,38.30726932530249,0
16,T0,0,0,946023,5,17.28559356805434,35.34584835184256,0
16,T0,0,0,947023,6,17.82209586,32.33133248,0
16,T0,0,0,948263,7,20.3405136,22.5203584,0
16,T0,0,0,949263,8,19.6447104,18.8405376,0
16,T0,0,0,950263,9,24.9492,8.672,0
16,T0,0,0,951263,10,26.6832,5.4848,0
16,T0,0,0,952263,11,25.5,7.2128,0
16,T0,0,0,953503,12,24.031200000000002,9.3632,0
16,T0,0,0,954503,13,22.042199999999998,18.4896,0
16,T0,0,0,955503,14,18.55038169981717,30.935917718228353,0
16,T0,0,0,956503,15,18.99413808,37.746615680000005,0
16,T0,0,0,957503,16,21.552599999999998,41.9648,0
16,T0,0,0,958783,17,25.2042,48.0064,0
16,T0,0,0,959783,18,29.08719799026559,55.61375711204051,0
16,T0,0,0,960783,19,33.73438412927412,60.55523758132518,0
16,T0,0,0,961783,20,40.20748597800001,62.085635603200004,0
16,T0,0,0,963023,21,56.4280638972032,61.6790950376258,0
16,T0,0,0,964023,22,61.575467100000004,62.326499392,0
16,T0,0,0,965023,23,62.770799999999994,63.072,0
17,T2,2,0,1000503,0,52.4892,59.84,0
17,T2,2,0,1000783,1,55.0902,59.648,0
17,T2,2,0,1001023,2,57.31379999999999,59.4816,0
17,T2,2,0,1001263,3,59.5374,59.3216,0
17,T2,2,0,1001503,4,61.761,59.1552,0
17,T2,2,0,1001783,5,64.362,58.9632,0
17,T2,2,0,1002023,6,66.5856,58.8032,0
17,T2,2,0,1002263,7,65.9532,58.72,0
17,T2,2,0,1002503,8,65.33099999999999,58.6368,0
17,T2,2,0,1002783,9,64.5966,58.5408,0
17,T2,2,0,1003023,10,63.9642,58.4576,0
17,T2,2,0,1003263,11,63.3318,58.3744,0
17,T2,2,0,1003783,12,59.0376,59.744,0
17,T2,2,0,1004023,13,57.0588,60.3776,0
17,T2,2,0,1004263,14,55.080000000000005,61.0112,0
17,T2,2,0,1004503,15,53.7438,61.4208,0
17,T2,2,0,1004783,16,53.702999999999996,61.3888,0
17,T2,2,0,1005023,17,53.6724,61.3568,0
17,T2,2,0,1005263,18,53.631600000000006,61.3248,0
17,T2,2,0,1005503,19,53.601,61.2928,0
17,T2,2,0,1005783,20,53.5602,61.2544,0
17,T2,2,0,1006023,21,53.519400000000005,61.2288,0
17,T2,2,0,1006263,22,53.4888,61.1968,0
17,T2,2,0,1006503,23,53.448,61.1648,0
18,T0,0,0,1112503,0,22.545611447870336,33.923560760235894,0
18,T0,0,0,1112783,1,22.0014335858236,30.729521794919158,0
18,T0,0,0,1113023,2,21.718974674442727,28.78104862147591,0
18,T0,0,0,1113263,3,21.216866999999997,25.8425664,0
18,T0,0,0,1113503,4,21.086306999999998,25.5270464,0
18,T0,0,0,1113783,5,21.2470437,25.440826240000003,0
18,T0,0,0,1114023,6,21.308519099999998,25.40692032,0
18,T0,0,0,1114263,7,21.3344322,25.399581440000002,0
18,T0,0,0,1114503,8,21.343143,25.411129600000002,0
18,T0,0,0,1114783,9,22.134,25.2032,0
18,T0,0,0,1115023,10,22.3176,25.1456,0
18,T0,0,0,1115263,11,22.5012,25.088,0
18,T0,0,0,1115503,12,22.695,25.0304,0
18,T0,0,0,1115783,13,22.9092,24.96,0
18,T0,0,0,1116023,14,21.942849937721334,25.190850977162462,0
18,T0,0,0,1116263,15,22.495561332031894,25.04012436347275,0
18,T0,0,0,1116503,16,23.021645019428977,24.894169410577074,0
18,T0,0,0,1116783,17,23.373473399999998,24.812652800000002,0
19,T2,2,0,1121783,0,51.2280108,49.059008000000006,0
19,T2,2,0,1122023,1,48.8478,49.1072,0
19,T2,2,0,1122263,2,47.8176,49.4848,0
19,T2,2,0,1122503,3,43.84822173747572,49.31199648236459,0
19,T2,2,0,1122783,4,43.58193907905747,49.80285165248661,0
19,T2,2,0,1123023,5,43.348592606553964,50.328848065811044,0
19,T2,2,0,1123263,6,42.373992599999994,50.6016448,0
19,T2,2,0,1123503,7,43.040052599999996,51.263404799999996,0
19,T2,2,0,1123783,8,43.461468659999994,51.16738368000001,0
19,T2,2,0,1124023,9,43.73308038000001,51.08364224000001,0
19,T2,2,0,1124263,10,43.994637960000006,50.94523008,0
19,T2,2,0,1124503,11,44.7194214,50.9108672,0
19,T2,2,0,1124783,12,46.2774,50.8928,0
19,T2,2,0,1125023,13,47.7156,51.0976,0
19,T2,2,0,1125263,14,49.1436,51.296,0
19,T2,2,0,1125503,15,50.5818,51.5008,0
19,T2,2,0,1125783,16,52.254599999999996,51.7312,0
19,T2,2,0,1126023,17,53.14950594403163,53.91838057112719,0
19,T2,2,0,1126263,18,53.64423680356198,55.56103505772792,0
19,T2,2,0,1126503,19,54.351119773543196,57.43763102261073,0
19,T2,2,0,1126783,20,55.42653479999999,60.665147520000005,0
19,T2,2,0,1127023,21,55.7825148,61.28274752,0
20,T1,1,0,1145503,0,53.41740000000001,62.4256,0
20,T1,1,0,1146023,1,58.115214672782706,58.73319576255851,0
20,T1,1,0,1146503,2,59.03950739999999,56.66814719999999,0
20,T1,1,0,1147023,3,59.44714734000001,52.22701952,0
20,T1,1,0,1147503,4,60.37257804000001,47.023429119999996,0
20,T1,1,0,1148023,5,61.1796,37.9712,0
20,T1,1,0,1148263,6,62.65859999999999,36.6784,0
20,T1,1,0,1148783,7,65.8614,33.8752,0
20,T1,1,0,1149263,8,68.8092,31.296,0
20,T1,1,0,1149783,9,72.012,28.4928,0
20,T1,1,0,1150263,10,73.8888,26.6432,0
20,T1,1,0,1150783,11,73.5828,26.2336,0
20,T1,1,0,1151263,12,73.2972,25.856,0
20,T1,1,0,1151783,13,73.0014,25.4464,0
20,T1,1,0,1152263,14,72.7158,25.0688,0
20,T1,1,0,1152783,15,73.00830613189251,24.727365592697556,0
20,T1,1,0,1153263,16,72.05853204432657,27.63089296625804,0
20,T1,1,0,1153783,17,71.34302426640095,28.519534629964532,0
20,T1,1,0,1154023,18,70.68739913399999,32.20632441600001,0
20,T1,1,0,1154503,19,71.53571406,29.799013120000005,0
20,T1,1,0,1155023,20,73.00135973423382,23.5743712430662,0
20,T1,1,0,1155503,21,74.70851010591083,18.154966805763944,0
20,T1,1,0,1156023,22,76.4916972,14.1520768,0
20,T1,1,0,1156503,23,81.96426036000001,12.917699840000001,0
21,T1,1,0,1167783,0,83.4462,1.856,0
21,T1,1,0,1168503,1,83.1606,5.7024,0
21,T1,1,0,1169023,2,79.2744,1.2992,0
21,T1,1,0,1169783,3,76.82639999999999,1.3056,0
21,T1,1,0,1170503,4,74.8578,2.0352,0
21,T1,1,0,1171263,5,72.7872,2.8032,0
21,T1,1,0,1171783,6,71.3694,3.328,0
21,T1,1,0,1172503,7,64.7394,8.8512,0
21,T1,1,0,1173263,8,57.73199999999999,14.6816,0
21,T1,1,0,1174023,9,50.7348,20.5184,0
21,T1,1,0,1174503,10,46.308,24.1984,0
21,T1,1,0,1175263,11,43.2276,28.5376,0
21,T1,1,0,1176023,12,43.6866,31.5264,0
21,T1,1,0,1176783,13,44.1354,34.5152,0
21,T1,1,0,1177263,14,45.410399999999996,38.1824,0
21,T1,1,0,1178023,15,48.562200000000004,45.9904,0
21,T1,1,0,1178783,16,51.94886499011536,54.57119013312362,0
21,T1,1,0,1179503,17,54.098155644977886,60.08934178843924,0
21,T1,1,0,1180023,18,55.882593596549135,61.87364870225306,0
21,T1,1,0,1180783,19,60.30237399000001,61.52505488,0
21,T1,1,0,1181503,20,67.1031021,59.082475200000005,0
21,T1,1,0,1182263,21,68.58569091437127,60.36828560053701,0
21,T1,1,0,1182783,22,68.49201515862487,61.41745942877439,0
21,T1,1,0,1183503,23,68.392989,60.98048576,0
22,T1,1,0,1301503,0,33.282599999999995,14.3104,1
22,T1,1,0,1302023,1,30.671400000000002,11.968,1
22,T1,1,0,1302503,2,28.2744,9.8048,1
22,T1,1,0,1303023,3,25.9794,7.5648,1
22,T1,1,0,1303503,4,27.3462,6.7072,1
22,T1,1,0,1304023,5,28.8354,5.7792,1
22,T1,1,0,1304503,6,33.0888,7.4944,1
22,T1,1,0,1305023,7,38.3316,9.9072,1
22,T1,1,0,1305503,8,43.1664,12.1344,1
22,T1,1,0,1306023,9,48.399,14.5472,1
22,T1,1,0,1306503,10,53.2338,16.7808,1
22,T1,1,0,1307023,11,58.476600000000005,19.1936,1
22,T1,1,0,1307503,12,63.311400000000006,21.4208,1
22,T1,1,0,1308023,13,68.55420000000001,23.8336,1
22,T1,1,0,1308503,14,75.65325630452746,27.107061146447247,1
22,T1,1,0,1309023,15,79.87117288444465,28.95618922185895,1
22,T1,1,0,1309503,16,83.8224984,30.873491199999997,1
22,T1,1,0,1310023,17,84.57717192000001,30.678962560000002,1
22,T1,1,0,1310503,18,85.28207760000001,30.517036800000003,1
22,T1,1,0,1311023,19,85.6596,29.248,1
22,T1,1,0,1311503,20,86.241,28.7168,1
22,T1,1,0,1312023,21,87.30305599259606,29.874983492533918,1
22,T1,1,0,1312503,22,87.58512155846944,28.511903470575,1
22,T1,1,0,1313023,23,89.9391834,27.570387199999992,1
23,T0,0,0,1363503,0,45.4614,42.432,0
23,T0,0,0,1363783,1,42.6768,41.5424,0
23,T0,0,0,1364023,2,40.29,40.7808,0
23,T0,0,0,1364263,3,37.9032,40.0128,0
23,T0,0,0,1364503,4,35.516400000000004,39.2512,0
23,T0,0,0,1364783,5,28.70809404542729,37.760416951752724,0
23,T0,0,0,1365023,6,27.357633690380467,37.04275178983775,0
23,T0,0,0,1365263,7,25.98877535079446,36.39864552013378,0
23,T0,0,0,1365503,8,23.075001,35.3230976,0
23,T0,0,0,1365783,9,22.796541,35.1822976,0
23,T0,0,0,1366023,10,22.822301099999997,34.39737216,0
23,T0,0,0,1366263,11,22.822107300000003,33.58889088,0
23,T0,0,0,1366783,12,22.61502585503081,32.01753602615376,0
23,T0,0,0,1367023,13,22.490806139733973,30.863427969043187,0
23,T0,0,0,1367263,14,22.777524339038077,29.66882770979607,0
23,T0,0,0,1367503,15,22.8147072,28.691392,0
23,T0,0,0,1367783,16,23.572567199999998,27.790912,0
23,T0,0,0,1368023,17,30.18626352,27.632979199999998,0
23,T0,0,0,1368263,18,34.75646736,27.5243456,0
23,T0,0,0,1368503,19,39.26781312,27.4701952,0
23,T0,0,0,1368783,20,44.4791808,27.465408000000004,0
23,T0,0,0,1369023,21,55.6104,27.5264,0
23,T0,0,0,1369263,22,58.5072,26.88,0
23,T0,0,0,1369503,23,55.773599999999995,25.056,0
24,T1,1,0,1527783,0,41.065200000000004,12.7104,1
24,T1,1,0,1528503,1,42.2892,12.4928,1
24,T1,1,0,1529263,2,43.574400000000004,12.2624,1
24,T1,1,0,1530023,3,44.8698,12.032,1
24,T1,1,0,1530783,4,46.155,11.8016,1
24,T1,1,0,1531503,5,49.3272,6.624,1
24,T1,1,0,1532023,6,51.7956,2.4384,1
24,T1,1,0,1532783,7,53.4582,3.872,1
24,T1,1,0,1533503,8,54.6822,6.5728,1
24,T1,1,0,1534263,9,55.98780000000001,9.4208,1
24,T1,1,0,1535023,10,57.2832,12.2752,1
24,T1,1,0,1535783,11,57.833999999999996,17.5168,1
24,T1,1,0,1536503,12,57.5688,25.0048,1
24,T1,1,0,1537263,13,58.180800000000005,31.1616,1
24,T1,1,0,1538023,14,60.904199999999996,34.3936,1
24,T1,1,0,1538783,15,67.03661053091076,48.44164312363176,1
24,T1,1,0,1539503,16,70.653768,58.06844160000001,1
24,T1,1,0,1540263,17,72.3581064,58.247502080000004,1
24,T1,1,0,1540783,18,73.96591200000002,57.235622400000004,1
24,T1,1,0,1541503,19,75.8166,55.3792,1
24,T1,1,0,1542263,20,77.8974,53.7664,1
24,T1,1,0,1543023,21,79.9782,52.16,1
24,T1,1,0,1543783,22,82.059,50.5472,1
24,T1,1,0,1544503,23,84.02759999999999,49.024,1
25,T0,0,0,1653503,0,30.202199999999998,52.8896,0
25,T0,0,0,1653783,1,33.1602,50.2016,0
25,T0,0,0,1654023,2,35.699999999999996,47.904,0
25,T0,0,0,1654263,3,38.229600000000005,45.6,0
25,T0,0,0,1654503,4,40.7592,43.296,0
25,T0,0,0,1654783,5,43.7172,40.608,0
25,T0,0,0,1655263,6,46.858799999999995,36.4416,0
25,T0,0,0,1655503,7,46.512,34.7968,0
25,T0,0,0,1655783,8,46.104,32.8768,0
25,T0,0,0,1656023,9,45.7572,31.232,0
25,T0,0,0,1656263,10,45.410399999999996,29.5872,0
25,T0,0,0,1656503,11,45.053399999999996,27.9424,0
25,T0,0,0,1656783,12,44.645399999999995,26.016,0
25,T0,0,0,1657023,13,44.2986,24.3712,0
25,T0,0,0,1657263,14,43.9518,22.7264,0
25,T0,0,0,1657503,15,43.3398,21.0944,0
25,T0,0,0,1657783,16,42.0444,19.2064,0
25,T0,0,0,1658023,17,40.9326,17.5936,0
25,T0,0,0,1658503,18,38.6988,14.3616,0
25,T0,0,0,1658783,19,37.3932,12.48,0
25,T0,0,0,1659023,20,36.281400000000005,10.8608,0
25,T0,0,0,1659263,21,35.1696,9.248,0
25,T0,0,0,1659503,22,34.047599999999996,7.6288,0
25,T0,0,0,1659783,23,32.7522,5.7472,0
26,T0,0,0,1792503,0,33.048,8.3712,0
26,T0,0,0,1792783,1,30.5388,8.1344,0
26,T0,0,0,1793263,2,26.2446,7.7376,0
26,T0,0,0,1793503,3,24.102600000000002,7.5392,0
26,T0,0,0,1793783,4,21.6036,7.3088,0
26,T0,0,0,1794263,5,19.9614,7.424,0
26,T0,0,0,1794503,6,20.0838,7.6672,0
26,T0,0,0,1794783,7,20.2266,7.9424,0
26,T0,0,0,1795023,8,19.38,9.3696,0
26,T0,0,0,1795503,9,16.697400000000002,13.3888,0
26,T0,0,0,1795783,10,15.136800000000001,15.7376,0
26,T0,0,0,1796023,11,13.790399999999998,17.7472,0
26,T0,0,0,1796503,12,8.254474260871488,24.700651474614617,0
26,T0,0,0,1796783,13,7.639175929312609,26.14765170255478,0
26,T0,0,0,1797023,14,7.094655398912634,27.398638380420252,0
26,T0,0,0,1797503,15,5.75395872,29.8147328,0
26,T0,0,0,1797783,16,5.8061639519999995,29.590868479999997,0
26,T0,0,0,1798023,17,5.784763536,29.436208640000004,0
26,T0,0,0,1798263,18,5.735322912,29.27333888,0
26,T0,0,0,1798783,19,6.375,28.3648,0
26,T0,0,0,1799023,20,5.445894546880286,28.58061500260555,0
26,T0,0,0,1799263,21,5.917292521722902,28.12260607571634,0
26,T0,0,0,1799783,22,6.55157832,27.277536,0
26,T0,0,0,1800023,23,6.975898319999999,26.963296000000003,0
27,T0,0,0,1807023,0,52.09140000000001,7.2,0
27,T0,0,0,1808023,1,52.101600000000005,2.2592,0
27,T0,0,0,1808783,2,49.1742,3.1232,0
27,T0,0,0,1809783,3,45.318599999999996,4.2624,0
27,T0,0,0,1810503,4,42.5544,5.0816,0
27,T0,0,0,1811503,5,35.445,7.7504,0
27,T0,0,0,1812263,6,28.090799999999998,10.6944,0
27,T0,0,0,1813263,7,22.542,13.856,0
27,T0,0,0,1814263,8,21.6444,18.624,0
27,T0,0,0,1815023,9,18.02503080425092,27.690448119819266,0
27,T0,0,0,1816023,10,17.206555440000002,33.02489152,0
27,T0,0,0,1816783,11,18.5638776,36.742060800000004,0
27,T0,0,0,1817783,12,21.5934,41.1328,0
27,T0,0,0,1818503,13,23.3886,45.3312,0
27,T0,0,0,1819503,14,26.59761977635955,54.81236233940098,0
27,T0,0,0,1820263,15,27.890573999999997,58.669664,0
27,T0,0,0,1821263,16,34.937473752471846,60.02604123991698,0
27,T0,0,0,1822263,17,39.20723838,61.447273088,0
27,T0,0,0,1823023,18,40.88314020000001,61.32269952,0
27,T0,0,0,1824023,19,42.187200000000004,61.7984,0
27,T0,0,0,1824783,20,43.4724,61.9328,0
27,T0,0,0,1825783,21,45.1554,62.112,0
27,T0,0,0,1826503,22,46.3692,62.2336,0
27,T0,0,0,1827503,23,48.0522,62.4128,0
28,T2,2,0,1837503,0,46.855710194134176,59.642522168958294,0
28,T2,2,0,1838023,1,47.6407626,58.08030783999999,0
28,T2,2,0,1838783,2,47.088379653518246,56.662189991381915,0
28,T2,2,0,1839263,3,46.72296206883139,54.73948024372372,0
28,T2,2,0,1839783,4,46.5947424,53.0750912,0
28,T2,2,0,1840263,5,51.77464512,52.81598656,0
28,T2,2,0,1841023,6,58.7826,54.0864,0
28,T2,2,0,1841503,7,59.69822043665015,55.636816765889776,0
28,T2,2,0,1842023,8,60.92467821405329,57.52750173981421,0
28,T2,2,0,1842503,9,62.07112080000001,59.03847296,0
28,T2,2,0,1843263,10,68.45136768,59.265398016000006,0
28,T2,2,0,1843783,11,74.8578,58.88,0
28,T2,2,0,1844263,12,79.5192,58.816,0
28,T2,2,0,1844783,13,85.19861608582622,58.86659772213734,0
28,T2,2,0,1845503,14,91.91726940000001,58.66185344,0
28,T2,2,0,1846023,15,92.64013422,56.74671987200001,0
28,T2,2,0,1846503,16,93.0477966,54.845948160000006,0
28,T2,2,0,1847023,17,92.88119999999999,52.5888,0
28,T2,2,0,1847783,18,93.0546,50.9952,0
28,T2,2,0,1848263,19,93.1566,49.984,0
28,T2,2,0,1848783,20,93.6054,48.7552,0
28,T2,2,0,1849263,21,95.46121670554392,46.36293623476613,0
28,T2,2,0,1850023,22,96.46819422,44.499455999999995,0
28,T2,2,0,1850503,23,96.174673002,45.8072576,0
29,T2,2,0,1903783,0,66.0552,46.3872,0
29,T2,2,0,1904023,1,66.6978,46.9056,0
29,T2,2,0,1904263,2,67.3404,47.424,0
29,T2,2,0,1904503,3,67.9932,47.9424,0
29,T2,2,0,1904783,4,71.45552522278888,49.5944247882422,0
29,T2,2,0,1905023,5,71.25085384192438,49.80963782814412,0
29,T2,2,0,1905263,6,71.13421055428421,50.041431077483196,0
29,T2,2,0,1905503,7,71.746188,50.5759488,0
29,T2,2,0,1905783,8,71.095428,50.4857088,0
29,T2,2,0,1906023,9,70.6688028,51.56676608000001,0
29,T2,2,0,1906263,10,70.3953204,52.35180544000001,0
29,T2,2,0,1906503,11,70.1625768,53.167124480000005,0
29,T2,2,0,1906783,12,69.90325200000001,54.1202432,0
29,T2,2,0,1907023,13,69.38040000000001,55.8784,0
29,T2,2,0,1907263,14,69.0744,56.8384,0
29,T2,2,0,1907503,15,69.41947567772468,57.80657098327571,0
29,T2,2,0,1907783,16,68.72453918188675,59.06437935302486,0
29,T2,2,0,1908023,17,68.17581969586385,60.06617106530676,0
29,T2,2,0,1908263,18,67.6256328,61.243575680000006,0
29,T2,2,0,1908503,19,67.54607279999999,61.680055679999995,0
30,T3,3,0,2036023,0,34.578,1.7152,0
30,T3,3,0,2036263,1,33.986399999999996,3.424,0
30,T3,3,0,2036503,2,33.394800000000004,5.1392,0
30,T3,3,0,2036783,3,35.4144,6.272,0
30,T3,3,0,2037023,4,38.0562,6.9504,0
30,T3,3,0,2037263,5,40.7082,7.6224,0
30,T3,3,0,2037503,6,43.3602,8.3008,0
30,T3,3,0,2037783,7,46.4508,9.088,0
30,T3,3,0,2038023,8,49.1028,9.7664,0
30,T3,3,0,2038263,9,51.7446,10.4384,0
30,T3,3,0,2038503,10,54.3966,11.1168,0
30,T3,3,0,2038783,11,57.4872,11.904,0
30,T3,3,0,2039023,12,60.1392,12.576,0
30,T3,3,0,2039263,13,62.7912,13.2544,0
30,T3,3,0,2039503,14,63.6684,13.7664,0
30,T3,3,0,2039783,15,63.678599999999996,14.2784,0
31,T0,0,0,2102023,0,16.5954,62.9824,0
31,T0,0,0,2102263,1,18.8598,62.5344,0
31,T0,0,0,2102503,2,21.113999999999997,62.0864,0
31,T0,0,0,2102783,3,23.7558,61.5616,0
31,T0,0,0,2103023,4,30.501911004078398,59.816997166056055,0
31,T0,0,0,2103263,5,31.659197798285014,59.857243587914496,0
31,T0,0,0,2103503,6,32.84002653048542,59.81781191780718,0
31,T0,0,0,2103783,7,35.95717260000001,59.4995584,0
31,T0,0,0,2104023,8,35.770512599999996,59.1840384,0
31,T0,0,0,2104263,9,35.59992066,58.63202944,0
31,T0,0,0,2104503,10,34.95883638,58.15697792,0
31,T0,0,0,2104783,11,33.735069960000004,57.811120640000006,0
31,T0,0,0,2105023,12,32.72830140000001,57.48181760000001,0
31,T0,0,0,2105263,13,31.6098,57.632,0
31,T0,0,0,2105503,14,35.528902472217474,57.81801643356285,0
31,T0,0,0,2105783,15,36.755809820948826,58.2571250885725,0
31,T0,0,0,2106023,16,37.77316245220966,58.64525518694511,0
31,T0,0,0,2106263,17,39.538800599999995,59.1312832,0
31,T0,0,0,2106503,18,39.562260599999995,59.2093632,0
31,T0,0,0,2106783,19,37.271537460000005,57.347157120000006,0
32,T3,3,0,2108263,0,25.13297034,45.71260992,0
32,T3,3,0,2108503,1,25.198876619999997,43.653362560000005,0
32,T3,3,0,2108783,2,25.25285604,41.292171520000004,0
32,T3,3,0,2109023,3,25.2643086,39.3343168,0
32,T3,3,0,2109503,4,24.83525649793978,32.134427179293255,0
32,T3,3,0,2109783,5,25.04664916881508,30.13551350506563,0
32,T3,3,0,2110023,6,25.112083799999997,27.621216000000004,0
32,T3,3,0,2110263,7,25.4027838,26.948576000000003,0
32,T3,3,0,2110503,8,27.155438580000002,26.261097600000003,0
32,T3,3,0,2110783,9,28.948922940000006,25.5241568,0
32,T3,3,0,2111023,10,30.495729479999998,24.891065600000005,0
32,T3,3,0,2111263,11,32.046778200000006,24.265824000000002,0
32,T3,3,0,2111783,12,37.4238,22.8864,0
32,T3,3,0,2112023,13,39.2802,22.2592,0
32,T3,3,0,2112263,14,41.1366,21.632,0
32,T3,3,0,2112503,15,42.992999999999995,21.0112,0
32,T3,3,0,2112783,16,43.146,19.2064,0
32,T3,3,0,2113023,17,43.2684,17.664,0
32,T3,3,0,2113263,18,43.400999999999996,16.1152,0
32,T3,3,0,2113503,19,43.5336,14.5728,0
32,T3,3,0,2114023,20,43.809,11.2256,0
32,T3,3,0,2114263,21,43.9416,9.6768,0
32,T3,3,0,2114503,22,44.0742,8.1344,0
32,T3,3,0,2114783,23,44.217,6.3296,0
33,T2,2,0,2325263,0,33.719610431999996,56.36265664000001,1
33,T2,2,0,2325783,1,35.395827839999995,56.013081344,1
33,T2,2,0,2326503,2,35.329331746605966,50.782008522749805,1
33,T2,2,0,2327023,3,34.4413608,48.2954368,1
33,T2,2,0,2327503,4,35.606723040000006,48.27411584000001,1
33,T2,2,0,2328263,5,36.7506,47.6288,1
33,T2,2,0,2328783,6,35.19,51.7824,1
33,T2,2,0,2329263,7,33.7518,55.6224,1
33,T2,2,0,2330023,8,33.39762081851511,58.42506736431762,1
33,T2,2,0,2330503,9,34.13467450194351,59.27994040345884,1
33,T2,2,0,2331023,10,34.7797152,60.20671232,1
33,T2,2,0,2331783,11,43.329493920000004,60.90397747200001,1
33,T2,2,0,2332263,12,51.775200000000005,61.2608,1
33,T2,2,0,2333023,13,61.618199999999995,61.8752,1
33,T2,2,0,2333503,14,67.8402,62.2592,1
33,T2,2,0,2334023,15,75.5412,58.592,1
33,T2,2,0,2334783,16,78.9684,56.416,1
33,T2,2,0,2335263,17,81.141,55.04,1
33,T2,2,0,2335783,18,83.487,53.5488,1
33,T2,2,0,2336503,19,86.7306,51.4816,1
33,T2,2,0,2337023,20,89.0766,49.9904,1
33,T2,2,0,2337503,21,91.2492,48.6144,1
33,T2,2,0,2338263,22,92.412,44.7552,1
33,T2,2,0,2338783,23,92.0856,41.2864,1
34,T1,1,0,2432503,0,65.37180000000001,63.2704,1
34,T1,1,0,2433023,1,67.1058,58.5152,1
34,T1,1,0,2433263,2,67.9014,56.3264,1
34,T1,1,0,2433783,3,71.96334424147786,50.40584488580565,1
34,T1,1,0,2434023,4,71.94133502935397,48.481839989642026,1
34,T1,1,0,2434503,5,72.61881840000001,44.375334399999986,1
34,T1,1,0,2434783,6,72.7310184,43.07805439999999,1
34,T1,1,0,2435263,7,74.44765392000001,37.81055872,1
34,T1,1,0,2435783,8,76.37645760000001,32.7737216,1
34,T1,1,0,2436023,9,77.1426,28.3392,1
34,T1,1,0,2436503,10,78.7542,22.9504,1
34,T1,1,0,2436783,11,79.6926,19.808,1
34,T1,1,0,2437263,12,81.30420000000001,14.4128,1
34,T1,1,0,2437503,13,82.1202,11.7184,1
34,T1,1,0,2438023,14,83.6808,8.6592,1
34,T1,1,0,2438263,15,84.32339999999999,8.352,1
34,T1,1,0,2438783,16,85.73100000000001,7.6864,1
34,T1,1,0,2439263,17,87.0264,7.0656,1
34,T1,1,0,2439503,18,87.67920000000001,6.7584,1
34,T1,1,0,2440023,19,89.0766,6.0928,1
34,T1,1,0,2440263,20,89.7294,5.7792,1
34,T1,1,0,2440783,21,91.65719999999999,11.2896,1
34,T1,1,0,2441023,22,92.7588,16.2816,1
34,T1,1,0,2441503,23,94.962,26.2528,1
35,T0,0,0,2500263,0,25.092,6.5024,0
35,T0,0,0,2501023,1,34.1496,12.1344,0
35,T0,0,0,2501783,2,29.732999999999997,11.7056,0
35,T0,0,0,2502263,3,30.7836,13.9712,0
35,T0,0,0,2503023,4,32.7114,18.9312,0
35,T0,0,0,2503783,5,34.068000000000005,25.568,0
35,T0,0,0,2504503,6,35.3532,31.8528,0
35,T0,0,0,2505023,7,36.281400000000005,36.3968,0
35,T0,0,0,2505783,8,37.638,43.0272,0
35,T0,0,0,2506503,9,38.9232,49.3184,0
35,T0,0,0,2507263,10,40.88140623359415,56.33241970924564,0
35,T0,0,0,2508023,11,41.548465799999995,62.23428928,0
35,T0,0,0,2508503,12,39.913205906657794,61.7027230832434,0
35,T0,0,0,2509263,13,38.2245306,61.71359295999999,0
35,T0,0,0,2510023,14,37.52502378,60.256336448000006,0
35,T0,0,0,2510783,15,36.9138,58.4704,0
35,T0,0,0,2511503,16,36.3426,56.8512,0
35,T0,0,0,2512023,17,35.9244,55.6864,0
35,T0,0,0,2512783,18,38.6988,55.7952,0
35,T0,0,0,2513503,19,44.80877500075467,57.1572893555726,0
35,T0,0,0,2514263,20,47.650964640000005,58.42604774400001,0
35,T0,0,0,2514783,21,49.07117184,59.038308864,0
35,T0,0,0,2515503,22,51.2760703499505,60.059225825702406,0
35,T0,0,0,2516263,23,53.797349999999994,61.86578112,0
36,T2,2,0,2622263,0,39.678000000000004,37.7088,0
36,T2,2,0,2623023,1,43.9722,34.7776,0
36,T2,2,0,2624023,2,49.6128,30.9248,0
36,T2,2,0,2624783,3,48.266400000000004,25.6896,0
36,T2,2,0,2625783,4,50.643,28.8576,0
36,T2,2,0,2626503,5,55.3044,36.352,0
36,T2,2,0,2627503,6,61.781400000000005,46.7648,0
36,T2,2,0,2628263,7,67.69547103375471,55.487273520967584,0
36,T2,2,0,2629023,8,71.126028,61.7437984,0
36,T2,2,0,2630023,9,73.515072,59.799017600000006,0
36,T2,2,0,2630783,10,74.7456,58.0416,0
36,T2,2,0,2631783,11,76.7142,56.0192,0
36,T2,2,0,2632503,12,78.132,54.5664,0
36,T2,2,0,2633503,13,80.1108,52.544,0
36,T2,2,0,2634263,14,81.6102,51.008,0
36,T2,2,0,2635263,15,83.5788,48.992,0
36,T2,2,0,2636023,16,85.0068,48.3072,0
36,T2,2,0,2636783,17,86.02680000000001,52.1536,0
36,T2,2,0,2637783,18,86.41527719999999,57.81181439999999,0
36,T2,2,0,2638503,19,90.75411036,56.04137472000001,0
36,T2,2,0,2639503,20,93.22800000000001,53.0624,0
36,T2,2,0,2640263,21,91.8816,55.7888,0
36,T2,2,0,2641263,22,89.7350202,59.2897408,0
36,T2,2,0,2642023,23,88.27045626000002,61.982903040000004,0
37,T2,2,1,2717768,0,60.259620327438505,42.07879130099283,0
37,T2,2,1,2718528,1,59.0193318204,38.977449875199994,0
37,T2,2,1,2719288,2,58.30678672800001,39.90157414400001,0
37,T2,2,1,2720008,3,54.315,40.9984,0
37,T2,2,1,2720768,4,54.2844,39.4624,0
37,T2,2,1,2721528,5,54.264,37.9264,0
37,T2,2,1,2722008,6,55.5288,36.3264,0
37,T2,2,1,2722768,7,59.047799999999995,32.864,0
37,T2,2,1,2723528,8,58.017599999999995,29.9008,0
37,T2,2,1,2724288,9,56.987399999999994,26.9312,0
37,T2,2,1,2725008,10,57.7932,20.7424,0
37,T2,2,1,2725768,11,58.772400000000005,13.9968,0
37,T2,2,1,2726528,12,59.047799999999995,8.224,0
37,T2,2,1,2727288,13,53.2848,6.5536,0
37,T2,2,1,2728008,14,42.5238,6.7584,0
37,T2,2,1,2728768,15,31.844399999999997,7.0784,0
37,T2,2,1,2729528,16,27.0504,8.3136,0
37,T2,2,1,2730288,17,22.2564,9.5488,0
37,T2,2,1,2730768,18,19.237199999999998,10.3296,0
37,T2,2,1,2731528,19,14.443200000000001,11.5648,0
37,T2,2,1,2732288,20,9.853200000000001,13.4272,0
37,T2,2,1,2733008,21,3.468903455899404,22.182008127017955,0
37,T2,2,1,2733768,22,0.5947798499999998,24.64464,0
37,T2,2,1,2734528,23,1.468879305,23.16168,0
38,T0,0,1,2769768,0,73.4298,9.5424,0
38,T0,0,1,2770008,1,73.7766,8.5056,0
38,T0,0,1,2770288,2,74.17439999999999,7.296,0
38,T0,0,1,2770528,3,74.52120000000001,6.2528,0
38,T0,0,1,2770768,4,74.5008,6.08,0
38,T0,0,1,2771008,5,74.4804,5.9008,0
38,T0,0,1,2771288,6,74.46,5.696,0
38,T0,0,1,2771528,7,74.4396,5.5232,0
38,T0,0,1,2771768,8,72.0936,5.1008,0
38,T0,0,1,2772008,9,69.2886,4.6336,0
38,T0,0,1,2772288,10,66.0042,4.0832,0
38,T0,0,1,2772528,11,63.18900000000001,3.616,0
38,T0,0,1,2772768,12,61.5162,3.9552,0
38,T0,0,1,2773008,13,62.0874,3.3792,0
38,T0,0,1,2773288,14,62.7504,2.7072,0
38,T0,0,1,2773528,15,63.321600000000004,2.1312,0
38,T0,0,1,2773768,16,63.892799999999994,1.5552,0
38,T0,0,1,2774008,17,64.464,0.9792,0
39,T2,2,1,2798008,0,61.781400000000005,12.7104,0
39,T2,2,1,2798528,1,55.355399999999996,14.5728,0
39,T2,2,1,2799008,2,53.631600000000006,13.7088,0
39,T2,2,1,2799528,3,52.18320000000001,12.5184,0
39,T2,2,1,2800008,4,50.847,11.4176,0
39,T2,2,1,2800528,5,49.3986,10.2272,0
39,T2,2,1,2801008,6,48.062400000000004,9.1264,0
39,T2,2,1,2801528,7,46.614000000000004,7.936,0
39,T2,2,1,2802008,8,45.288000000000004,6.8352,0
39,T2,2,1,2802528,9,43.839600000000004,5.6448,0
39,T2,2,1,2803008,10,42.5034,4.544,0
39,T2,2,1,2803528,11,41.055,3.3536,0
39,T2,2,1,2804008,12,39.300599999999996,2.3168,0
39,T2,2,1,2804528,13,32.436,1.9072,0
39,T2,2,1,2805008,14,29.386200000000002,1.8496,0
39,T2,2,1,2805528,15,28.6314,2.0352,0
39,T2,2,1,2806008,16,27.927599999999998,2.208,0
39,T2,2,1,2806528,17,27.172800000000002,2.3936,0
39,T2,2,1,2807008,18,26.4792,2.5664,0
39,T2,2,1,2807528,19,25.7244,2.752,0
39,T2,2,1,2808008,20,25.020599999999998,2.9248,0
39,T2,2,1,2808528,21,24.2658,3.1104,0
39,T2,2,1,2809008,22,23.5722,3.2768,0
39,T2,2,1,2809528,23,22.8174,3.4624,0
40,T0,0,1,2917288,0,100.015522374,42.21581824,0
40,T0,0,1,2917768,1,99.520759644,41.22425344,0
40,T0,0,1,2918528,2,100.0416,41.4592,0
40,T0,0,1,2919008,3,99.9396,41.0624,0
40,T0,0,1,2919768,4,99.78659999999999,40.4352,0
40,T0,0,1,2920288,5,99.68459999999999,40.0064,0
40,T0,0,1,2920768,6,99.5826,39.6096,0
40,T0,0,1,2921528,7,99.4296,38.9888,0
40,T0,0,1,2922008,8,99.3276,38.592,0
40,T0,0,1,2922768,9,99.17460000000001,37.9648,0
40,T0,0,1,2923288,10,99.07260000000001,37.536,0
40,T0,0,1,2923768,11,98.9706,37.1392,0
40,T0,0,1,2924528,12,98.8176,36.512,0
40,T0,0,1,2925008,13,98.7156,36.1152,0
40,T0,0,1,2925528,14,99.28241547686191,35.51616303238992,0
40,T0,0,1,2926288,15,98.45490738,35.0635264,0
40,T0,0,1,2926768,16,97.93798586672487,41.27194803142738,0
40,T0,0,1,2927528,17,95.41190364,47.36200319999999,0
40,T0,0,1,2928008,18,94.395267595489,48.158902549090136,0
40,T0,0,1,2928528,19,93.3109210224,48.881462912,0
40,T0,0,1,2929288,20,86.80771666591035,56.09088279291559,0
40,T0,0,1,2929768,21,81.204159216,61.15914719999999,0
40,T0,0,1,2930528,22,80.52196710432673,62.046138200534095,0
40,T0,0,1,2931008,23,80.619423,61.96779968,0
41,T2,2,1,2947528,0,37.44152454,30.70688704,0
41,T2,2,1,2947768,1,35.78854722,27.783534720000002,0
41,T2,2,1,2948288,2,32.298126599999996,21.4494016,0
41,T2,2,1,2948528,3,28.927200000000003,15.7568,0
41,T2,2,1,2949008,4,26.999399999999998,13.4784,0
41,T2,2,1,2949288,5,26.275199999999998,13.0624,0
41,T2,2,1,2949768,6,25.020599999999998,12.3392,0
41,T2,2,1,2950008,7,24.3984,11.9808,0
41,T2,2,1,2950288,8,23.6742,11.5584,0
41,T2,2,1,2950768,9,22.4196,10.8416,0
41,T2,2,1,2951008,10,21.7974,10.4832,0
41,T2,2,1,2951528,11,20.4408,9.7024,0
41,T2,2,1,2951768,12,19.8186,9.3376,0
41,T2,2,1,2952288,13,18.4722,8.5632,0
41,T2,2,1,2952528,14,17.849999999999998,8.1984,0
41,T2,2,1,2953008,15,15.299999999999999,9.4848,0
41,T2,2,1,2953288,16,13.4436,10.8224,0
41,T2,2,1,2953528,17,11.8422,11.968,0
41,T2,2,1,2954008,18,8.117058133659382,15.33030589252107,0
41,T2,2,1,2954288,19,6.565921737537648,16.138486524590746,0
41,T2,2,1,2954768,20,5.514555972584923,23.079326411110987,0
41,T2,2,1,2955008,21,5.277419045930117,25.585932109057865,0
41,T2,2,1,2955528,22,4.761378768,30.540656511999998,0
41,T2,2,1,2955768,23,5.355157692000001,23.288405760000003,0
42,T1,1,1,3003288,0,19.604639058804192,31.275672032487403,1
42,T1,1,1,3003528,1,20.605327621064877,31.824776528330368,1
42,T1,1,1,3003768,2,20.305582303933267,33.36021032756176,1
42,T1,1,1,3004008,3,19.12524479999999,35.979987200000004,1
42,T1,1,1,3004288,4,19.48326479999999,36.8651072,1
42,T1,1,1,3004528,5,19.40119968,37.80495552,1
42,T1,1,1,3004768,6,19.317690239999997,38.680863360000004,1
42,T1,1,1,3005008,7,19.211806079999995,39.61072512,1
42,T1,1,1,3005288,8,19.0345872,40.743020800000004,1
42,T1,1,1,3005528,9,18.845436065720715,41.85238799765398,1
42,T1,1,1,3005768,10,18.691642315954777,42.585070652691535,1
42,T1,1,1,3006008,11,18.507740054470872,43.29024780175219,1
42,T1,1,1,3006288,12,18.438438,44.0378752,1
42,T1,1,1,3006528,13,17.966178,44.7444352,1
42,T1,1,1,3006768,14,16.3885338,45.74792832,1
42,T1,1,1,3007008,15,14.717125821990543,48.79930704115774,1
42,T1,1,1,3007288,16,13.25536108326771,49.059889023951385,1
42,T1,1,1,3007528,17,9.758737461754041,45.90164923926116,1
42,T1,1,1,3007768,18,8.60378286005494,46.108218628768554,1
42,T1,1,1,3008008,19,7.88886729360848,45.73907758149613,1
42,T1,1,1,3008288,20,5.935174266000001,38.500226624,1
42,T1,1,1,3008528,21,5.2984194780000005,38.437642432000004,1
42,T1,1,1,3008768,22,7.342767126,41.184293632000006,1
42,T1,1,1,3009008,23,9.768342834000002,42.28621952,1
43,T2,2,1,3121768,0,49.0008,0.0,0
43,T2,2,1,3122008,1,47.5524,2.1184,0
43,T2,2,1,3122288,2,45.8592,4.5824,0
43,T2,2,1,3122528,3,44.4108,6.7008,0
43,T2,2,1,3122768,4,42.9726,8.8128,0
43,T2,2,1,3123008,5,41.5242,10.9312,0
43,T2,2,1,3123288,6,39.831,13.3952,0
43,T2,2,1,3123528,7,38.382600000000004,15.5136,0
43,T2,2,1,3123768,8,36.9342,17.6256,0
43,T2,2,1,3124008,9,35.495999999999995,19.744,0
43,T2,2,1,3124288,10,34.1802,21.2352,0
43,T2,2,1,3124528,11,33.1806,22.1824,0
43,T2,2,1,3124768,12,32.181,23.1296,0
43,T2,2,1,3125008,13,31.181400000000004,24.0768,0
43,T2,2,1,3125288,14,30.0186,25.184,0
43,T2,2,1,3125528,15,29.019,26.1248,0
43,T2,2,1,3125768,16,28.0194,27.072,0
43,T2,2,1,3126008,17,26.487767644936064,28.259737533463614,0
43,T2,2,1,3126288,18,25.4842391844316,29.308339011329636,0
43,T2,2,1,3126528,19,24.615610525044435,30.218668601197706,0
43,T2,2,1,3126768,20,23.534939400000003,31.2181952,0
43,T2,2,1,3127008,21,22.709759399999996,32.1077952,0
43,T2,2,1,3127288,22,20.924766540000004,32.20154432,0
43,T2,2,1,3127528,23,19.18835322,32.276261760000004,0
44,T0,0,1,3208768,0,97.767,30.9312,0
44,T0,0,1,3209528,1,97.5834,31.0208,0
44,T0,0,1,3210288,2,97.3998,31.1104,0
44,T0,0,1,3211008,3,97.2264,31.1936,0
44,T0,0,1,3211768,4,97.053,31.2832,0
44,T0,0,1,3212528,5,96.8694,31.3664,0
44,T0,0,1,3213288,6,96.6858,31.456,0
44,T0,0,1,3214008,7,96.5124,31.5392,0
44,T0,0,1,3214768,8,96.3288,31.6288,0
44,T0,0,1,3215528,9,96.1452,31.7184,0
44,T0,0,1,3216288,10,95.96159999999999,31.808,0
44,T0,0,1,3217008,11,95.7882,31.8912,0
44,T0,0,1,3217528,12,95.66579999999999,31.9488,0
44,T0,0,1,3218288,13,95.78603655932311,32.10798190702397,0
44,T0,0,1,3219008,14,94.13457540991233,37.77507506646159,0
44,T0,0,1,3219768,15,91.85594312399999,43.92392256,0
44,T0,0,1,3220528,16,91.92174712542021,45.58536257337262,0
44,T0,0,1,3221288,17,93.43150734,47.5878208,0
44,T0,0,1,3222008,18,84.47964383468081,57.52038981357913,0
44,T0,0,1,3222768,19,78.46607902852485,62.704042533979745,0
44,T0,0,1,3223528,20,74.84826096,63.01219968,0
44,T0,0,1,3224288,21,73.5975951,56.509028480000005,0
44,T0,0,1,3225008,22,63.73812717624045,41.89741451070091,0
44,T0,0,1,3225768,23,60.179357399999994,37.1747776,0
45,T0,0,1,3250288,0,99.28060034305811,37.10247741518912,0
45,T0,0,1,3250528,1,98.78213194478262,38.268044798535385,0
45,T0,0,1,3250768,2,98.32553943756662,39.38882104477975,0
45,T0,0,1,3251008,3,98.19359562000001,41.58751360000001,0
45,T0,0,1,3251288,4,97.36626279191422,41.62716281009697,0
45,T0,0,1,3251528,5,97.11900033604965,42.192117741340475,0
45,T0,0,1,3251768,6,97.11830402715844,42.776216542909395,0
45,T0,0,1,3252008,7,96.5820144492,43.633678976,0
45,T0,0,1,3252288,8,97.38542618286105,47.56993399242922,0
45,T0,0,1,3252528,9,97.01648440699265,48.69260953896715,0
45,T0,0,1,3252768,10,96.32213637328583,49.71720905298369,0
45,T0,0,1,3253008,11,94.57148999099999,52.30394246400001,0
45,T0,0,1,3253288,12,93.71210388819344,52.279894408161134,0
45,T0,0,1,3253528,13,93.0143911036949,52.269340589934174,0
45,T0,0,1,3253768,14,92.58538203769739,52.31998991551823,0
45,T0,0,1,3254008,15,91.178203206,51.82556032,0
46,T2,2,1,3433528,0,62.8116,15.3984,0
46,T2,2,1,3433768,1,61.659000000000006,15.8592,0
46,T2,2,1,3434288,2,59.170199999999994,16.8576,0
46,T2,2,1,3434528,3,58.017599999999995,17.312,0
46,T2,2,1,3434768,4,57.772800000000004,16.7168,0
46,T2,2,1,3435288,5,57.6096,14.9696,0
46,T2,2,1,3435528,6,57.5382,14.1632,0
46,T2,2,1,3435768,7,56.355,12.8576,0
46,T2,2,1,3436008,8,54.620999999999995,11.296,0
46,T2,2,1,3436528,9,50.8572,7.9168,0
46,T2,2,1,3436768,10,49.1232,6.3552,0
46,T2,2,1,3437008,11,47.379000000000005,4.8,0
46,T2,2,1,3437528,12,44.3394,2.3616,0
46,T2,2,1,3437768,13,43.6968,2.2208,0
46,T2,2,1,3438008,14,43.044,2.08,0
46,T2,2,1,3438528,15,41.6364,1.7728,0
46,T2,2,1,3438768,16,40.9938,1.632,0
46,T2,2,1,3439008,17,40.341,1.4912,0
46,T2,2,1,3439288,18,39.5862,1.3312,0
46,T2,2,1,3439768,19,37.291199999999996,1.504,0
46,T2,2,1,3440008,20,35.9754,1.6704,0
46,T2,2,1,3440288,21,34.4352,1.8624,0
46,T2,2,1,3440768,22,31.9566,2.624,0
46,T2,2,1,3441008,23,30.9468,3.648,0
47,T3,3,1,3508288,0,98.7110508,29.402246400000003,0
47,T3,3,1,3508768,1,95.67271379528266,30.43248832062351,0
47,T3,3,1,3509528,2,93.21364146,31.831456,0
47,T3,3,1,3510008,3,90.06725449800001,34.2706848,0
47,T3,3,1,3510528,4,86.28337794,37.365664,0
47,T3,3,1,3511288,5,77.40780000000001,43.4432,0
47,T3,3,1,3511768,6,72.92870229714146,48.53553020695702,0
47,T3,3,1,3512288,7,67.79523965701809,51.25411437610062,0
47,T3,3,1,3512768,8,63.50740320000001,53.6556992,0
47,T3,3,1,3513528,9,59.37821472,53.28687232,0
47,T3,3,1,3514008,10,56.4978,52.8576,0
47,T3,3,1,3514528,11,53.5602,52.5248,0
47,T3,3,1,3515288,12,49.266,52.0384,0
47,T3,3,1,3515768,13,46.78596234893285,51.86108593170025,0
47,T3,3,1,3516288,14,43.42653540423878,51.44014142157189,0
47,T3,3,1,3517008,15,39.776031180000004,49.70232384,0
47,T3,3,1,3517528,16,37.87418508,45.34872704,0
47,T3,3,1,3518008,17,35.66248423966873,37.19802334027118,0
47,T3,3,1,3518528,18,33.2848542,32.6995584,0
47,T3,3,1,3519288,19,31.90832646,31.54321792,0
47,T3,3,1,3519768,20,31.591123800000002,30.8616576,0
47,T3,3,1,3520288,21,31.4058,29.7216,0
47,T3,3,1,3521008,22,30.916199999999996,28.5184,0
47,T3,3,1,3521528,23,30.549,27.648,0
48,T2,2,1,3525008,0,27.0402,2.1376,0
48,T2,2,1,3525528,1,31.1916,3.8848,0
48,T2,2,1,3526288,2,34.9656,5.824,0
48,T2,2,1,3526768,3,33.282599999999995,5.9648,0
48,T2,2,1,3527528,4,30.620400000000004,6.1888,0
48,T2,2,1,3528008,5,28.9374,6.3296,0
48,T2,2,1,3528528,6,27.1116,6.4832,0
48,T2,2,1,3529288,7,24.3678,6.1696,0
48,T2,2,1,3529768,8,22.4502,4.704,0
48,T2,2,1,3530528,9,19.4106,2.3744,0
48,T2,2,1,3531008,10,19.7166,2.5408,0
48,T2,2,1,3531528,11,20.043,2.72,0
48,T2,2,1,3532288,12,23.97,4.8576,0
48,T2,2,1,3532768,13,28.407000000000004,7.2704,0
48,T2,2,1,3533288,14,31.2528,8.9152,0
48,T2,2,1,3534008,15,30.804,9.0432,0
48,T2,2,1,3534528,16,30.4878,9.1392,0
48,T2,2,1,3535288,17,30.0186,9.28,0
48,T2,2,1,3535768,18,29.7228,9.3632,0
48,T2,2,1,3536288,19,29.3964,9.4592,0
48,T2,2,1,3537008,20,24.724800000000002,12.64,0
48,T2,2,1,3537528,21,21.3486,14.944,0
48,T2,2,1,3538288,22,17.9418,16.2368,0
48,T2,2,1,3538768,23,16.0548,16.7104,0
49,T2,2,1,3546768,0,21.675,21.8688,0
49,T2,2,1,3547768,1,20.7468,18.8032,0
49,T2,2,1,3549008,2,19.5942,15.008,0
49,T2,2,1,3550008,3,18.666,11.9424,0
49,T2,2,1,3551288,4,22.7766,7.4432,0
49,T2,2,1,3552288,5,24.204600000000003,6.5728,0
49,T2,2,1,3553528,6,32.0178,9.5872,0
49,T2,2,1,3554528,7,31.3038,10.8352,0
49,T2,2,1,3555768,8,30.416400000000003,12.384,0
49,T2,2,1,3556768,9,28.967999999999996,10.5344,0
49,T2,2,1,3558008,10,27.132,5.3568,0
49,T2,2,1,3559008,11,25.5408,3.1232,0
49,T2,2,1,3560288,12,22.144199999999998,7.0848,0
49,T2,2,1,3561288,13,19.533,13.1584,0
49,T2,2,1,3562528,14,19.176,13.3504,0
49,T2,2,1,3563528,15,18.8802,13.5104,0
49,T2,2,1,3564768,16,18.080201006207858,13.911968195159698,0
49,T2,2,1,3565768,17,21.972995039999997,11.45887296,0
49,T2,2,1,3567008,18,23.5518,9.0624,0
49,T2,2,1,3568008,19,16.014,6.0672,0
49,T2,2,1,3569288,20,9.169799999999999,4.7872,0
49,T2,2,1,3570288,21,5.9874,15.4432,0
49,T2,2,1,3571528,22,4.25405382065704,35.029050425764154,0
49,T2,2,1,3572528,23,3.466521458402238,36.94777957661813,0
50,T1,1,1,3576008,0,29.180017199999995,54.07616,0
50,T1,1,1,3576288,1,29.830232520000006,54.61728,0
50,T1,1,1,3576528,2,30.28361436,54.978880000000004,0
50,T1,1,1,3576768,3,30.71276712,55.333760000000005,0
50,T1,1,1,3577008,4,31.121770800000004,55.674240000000005,0
50,T1,1,1,3577288,5,31.3344,56.6336,0
50,T1,1,1,3577768,6,32.0892,57.5488,0
50,T1,1,1,3578008,7,32.476800000000004,58.0032,0
50,T1,1,1,3578288,8,31.426199999999998,58.1504,0
50,T1,1,1,3578528,9,28.825200000000002,57.8368,0
50,T1,1,1,3578768,10,26.214000000000002,57.5296,0
50,T1,1,1,3579008,11,23.613,57.2224,0
50,T1,1,1,3579288,12,20.5734,56.8576,0
50,T1,1,1,3579528,13,17.9724,56.5504,0
50,T1,1,1,3579768,14,15.973199999999999,56.288,0
50,T1,1,1,3580008,15,14.5962,56.0704,0
50,T1,1,1,3580288,16,12.994800000000001,55.8144,0
50,T1,1,1,3580528,17,11.6178,55.5968,0
50,T1,1,1,3581008,18,8.863800000000001,55.1616,0
50,T1,1,1,3581288,19,7.252199999999999,54.9056,0
50,T1,1,1,3581528,20,5.8751999999999995,54.688,0
50,T1,1,1,3581768,21,4.4982,54.4704,0
50,T1,1,1,3582008,22,3.1212,54.2528,0
50,T1,1,1,3582288,23,1.5198,53.9968,0
51,T1,1,1,3671008,0,44.961600000000004,13.1456,0
51,T1,1,1,3671528,1,45.3798,15.5584,0
51,T1,1,1,3671768,2,45.5736,16.672,0
51,T1,1,1,3672288,3,45.645,21.1904,0
51,T1,1,1,3672528,4,45.4818,24.4032,0
51,T1,1,1,3673008,5,45.165600000000005,30.8416,0
51,T1,1,1,3673288,6,44.9718,34.592,0
51,T1,1,1,3673768,7,44.6556,41.024,0
51,T1,1,1,3674008,8,44.492399999999996,44.2432,0
51,T1,1,1,3674528,9,44.1048,47.7248,0
51,T1,1,1,3674768,10,43.911,48.3264,0
51,T1,1,1,3675288,11,43.4928,49.6384,0
51,T1,1,1,3675528,12,43.3092,50.24,0
51,T1,1,1,3676008,13,42.9216,51.4432,0
51,T1,1,1,3676288,14,42.6972,52.1472,0
51,T1,1,1,3676768,15,42.3096,53.3568,0
51,T1,1,1,3677008,16,42.1158,53.9584,0
51,T1,1,1,3677528,17,41.236778654716126,55.59355354082268,0
51,T1,1,1,3677768,18,41.19924153225447,56.14351952040845,0
51,T1,1,1,3678288,19,41.72205174011537,54.61962215670687,0
51,T1,1,1,3678528,20,42.15859136371875,53.82841161338351,0
51,T1,1,1,3679008,21,42.9865383,52.088438016,0
51,T1,1,1,3679288,22,41.61965466,52.75333888000001,0
51,T1,1,1,3679768,23,41.11028196,51.807708160000004,0
52,T3,3,1,3873528,0,39.2598,60.0512,0
52,T3,3,1,3874008,1,37.3116,59.0208,0
52,T3,3,1,3874768,2,36.5772,57.728,0
52,T3,3,1,3875288,3,38.301,57.1712,0
52,T3,3,1,3875768,4,39.9024,56.6528,0
52,T3,3,1,3876528,5,41.9526,54.5792,0
52,T3,3,1,3877008,6,42.694122012746135,51.64046360261479,0
52,T3,3,1,3877528,7,43.13317600695644,50.162339938988495,0
52,T3,3,1,3878288,8,45.079290660000005,47.994926080000006,0
52,T3,3,1,3878768,9,48.17112996,44.20968448000001,0
52,T3,3,1,3879288,10,55.127031494479425,37.77992859420176,0
52,T3,3,1,3880008,11,57.63568499664879,33.22826958710438,0
52,T3,3,1,3880528,12,57.073082735908024,31.1325847869442,0
52,T3,3,1,3881288,13,55.27089351,27.424581120000003,0
52,T3,3,1,3881768,14,52.147452060000006,23.575198720000003,0
52,T3,3,1,3882288,15,46.3896,17.536,0
52,T3,3,1,3883008,16,43.2276,12.7296,0
52,T3,3,1,3883528,17,44.013,11.7056,0
52,T3,3,1,3884008,18,44.727,10.7648,0
52,T3,3,1,3884768,19,45.8592,9.2672,0
52,T3,3,1,3885288,20,47.2056,8.064,0
52,T3,3,1,3885768,21,50.2044,6.3808,0
52,T3,3,1,3886528,22,51.5304,10.6304,0
52,T3,3,1,3887008,23,50.7858,16.48,0
53,T2,2,1,3952768,0,33.904799999999994,1.1328,0
53,T2,2,1,3953008,1,32.5584,3.008,0
53,T2,2,1,3953528,2,29.6412,7.0592,0
53,T2,2,1,3953768,3,28.2948,8.9344,0
53,T2,2,1,3954288,4,26.8668,8.256,0
53,T2,2,1,3954528,5,26.2038,7.9488,0
53,T2,2,1,3954768,6,25.5408,7.6352,0
53,T2,2,1,3955288,7,24.102600000000002,6.9568,0
53,T2,2,1,3955528,8,23.4396,6.6496,0
53,T2,2,1,3956008,9,20.17229109391108,7.834326922908059,0
53,T2,2,1,3956288,10,19.688896020807906,7.577518644555722,0
53,T2,2,1,3956528,11,18.969714401074004,8.101634502841069,0
53,T2,2,1,3957008,12,16.50640499999999,11.087808,0
53,T2,2,1,3957288,13,16.9340655,11.289644800000001,0
53,T2,2,1,3957528,14,17.694016499999996,11.4489664,0
53,T2,2,1,3958008,15,18.730005,11.633472,0
53,T2,2,1,3958288,16,19.900199999999998,11.8784,0
53,T2,2,1,3958768,17,20.3388,11.8208,0
53,T2,2,1,3959008,18,20.563200000000002,11.7888,0
53,T2,2,1,3959288,19,20.8182,11.7568,0
53,T2,2,1,3959768,20,21.256800000000002,11.6928,0
53,T2,2,1,3960008,21,21.4812,11.6672,0
53,T2,2,1,3960528,22,22.5216,9.536,0
53,T2,2,1,3960768,23,23.001,8.5504,0
54,T2,2,1,3998008,0,37.9542,12.7296,0
54,T2,2,1,3999008,1,34.5882,12.9984,0
54,T2,2,1,3999768,2,33.129599999999996,12.544,0
54,T2,2,1,4000768,3,34.5984,8.1664,0
54,T2,2,1,4001768,4,35.9856,3.5456,0
54,T2,2,1,4002528,5,36.434400000000004,3.0656,0
54,T2,2,1,4003528,6,44.584199999999996,3.2512,0
54,T2,2,1,4004528,7,48.123599999999996,4.2496,0
54,T2,2,1,4005528,8,48.7152,5.6704,0
54,T2,2,1,4006288,9,46.8996,8.064,0
54,T2,2,1,4007288,10,43.1358,6.1184,0
54,T2,2,1,4008288,11,47.1342,2.144,0
54,T2,2,1,4009008,12,53.9478,4.2176,0
54,T2,2,1,4010008,13,56.477399999999996,5.7472,0
54,T2,2,1,4011008,14,59.007000000000005,7.2704,0
54,T2,2,1,4011768,15,60.9348,8.4288,0
54,T2,2,1,4012768,16,65.3514,11.2896,0
54,T2,2,1,4013768,17,73.1238,16.5376,0
54,T2,2,1,4014768,18,77.82600000000001,21.7728,0
54,T2,2,1,4015528,19,78.4894094487223,25.593963712391577,0
54,T2,2,1,4016528,20,76.32656532,34.67892672,0
54,T2,2,1,4017528,21,67.81036260680438,53.18429664955905,0
54,T2,2,1,4018288,22,64.6149192,59.858617599999995,0
54,T2,2,1,4019288,23,63.07139808000001,62.13348863999999,0
55,T0,0,1,4168008,0,42.7278,63.3408,0
55,T0,0,1,4168528,1,47.0322,61.2608,0
55,T0,0,1,4169008,2,51.0,59.3408,0
55,T0,0,1,4169528,3,59.50420734964095,55.93355626133555,0
55,T0,0,1,4170008,4,61.33860771724036,54.746954193154565,0
55,T0,0,1,4170528,5,64.1766966,52.9724544,0
55,T0,0,1,4171008,6,63.49730672664428,51.955850832570896,0
55,T0,0,1,4171528,7,62.123510040000006,51.15163776,0
55,T0,0,1,4172008,8,64.04831940000001,46.20774464,0
55,T0,0,1,4172528,9,64.37609640000001,42.18477184000001,0
55,T0,0,1,4173008,10,64.7802,36.8192,0
55,T0,0,1,4173528,11,64.8924,32.4224,0
55,T0,0,1,4173768,12,63.6684,31.616,0
55,T0,0,1,4174288,13,61.0164,29.856,0
55,T0,0,1,4174768,14,58.55820000000001,28.2304,0
55,T0,0,1,4175288,15,55.906200000000005,26.4704,0
55,T0,0,1,4175768,16,53.448,24.8448,0
55,T0,0,1,4176288,17,50.796,23.0848,0
55,T0,0,1,4176768,18,48.399,21.1584,0
55,T0,0,1,4177288,19,46.4202,15.4432,0
55,T0,0,1,4177768,20,44.5944,10.1696,0
55,T0,0,1,4178288,21,42.6156,4.4544,0
55,T0,0,1,4178768,22,41.4324,3.3728,0
55,T0,0,1,4179288,23,40.300200000000004,3.104,0
56,T2,2,1,4273528,0,44.88,1.0688,0
56,T2,2,1,4273768,1,42.381,2.3552,0
56,T2,2,1,4274008,2,39.882000000000005,3.6416,0
56,T2,2,1,4274288,3,36.9546,5.1392,0
56,T2,2,1,4274528,4,34.4556,6.4256,0
56,T2,2,1,4274768,5,31.9566,7.712,0
56,T2,2,1,4275008,6,30.09,8.7296,0
56,T2,2,1,4275288,7,28.2948,9.7664,0
56,T2,2,1,4275528,8,26.7444,10.6496,0
56,T2,2,1,4275768,9,25.2042,11.5392,0
56,T2,2,1,4276008,10,23.664,12.4224,0
56,T2,2,1,4276288,11,21.8586,13.4592,0
56,T2,2,1,4276528,12,20.3184,14.3424,0
56,T2,2,1,4276768,13,18.778200000000002,15.232,0
56,T2,2,1,4277008,14,17.2278,16.1152,0
56,T2,2,1,4277288,15,15.432599999999999,17.152,0
56,T2,2,1,4277528,16,13.892399999999999,18.0352,0
56,T2,2,1,4277768,17,12.341999999999999,18.9248,0
56,T2,2,1,4278008,18,10.8018,19.808,0
56,T2,2,1,4278288,19,9.0066,20.8448,0
57,T1,1,1,4306008,0,68.8092,12.6592,0
57,T1,1,1,4306768,1,64.83120000000001,16.4864,0
57,T1,1,1,4307288,2,62.1078,19.104,0
57,T1,1,1,4308008,3,62.352599999999995,18.1376,0
57,T1,1,1,4308528,4,62.1894,15.1744,0
57,T1,1,1,4309288,5,60.282,12.5696,0
57,T1,1,1,4309768,6,57.9156,12.1344,0
57,T1,1,1,4310528,7,54.1518,11.456,0
57,T1,1,1,4311008,8,51.7854,11.0272,0
57,T1,1,1,4311768,9,47.8176,11.1616,0
57,T1,1,1,4312288,10,43.8906,16.0128,0
57,T1,1,1,4313008,11,38.454,22.7264,0
57,T1,1,1,4313528,12,34.527,27.5776,0
57,T1,1,1,4314288,13,28.7844,34.6688,0
57,T1,1,1,4314768,14,25.1634,39.1488,0
57,T1,1,1,4315528,15,19.431,46.24,0
57,T1,1,1,4316008,16,15.799800000000001,50.7136,0
57,T1,1,1,4316768,17,9.418493373686418,58.475557984082485,0
57,T1,1,1,4317288,18,7.3528842,61.128736,0
57,T1,1,1,4318008,19,7.422607320000002,59.9805376,0
57,T1,1,1,4318528,20,7.956,58.0736,0
57,T1,1,1,4319288,21,8.282399999999999,56.3968,0
57,T1,1,1,4319768,22,8.334676443318212,56.04381043094314,0
57,T1,1,1,4320528,23,8.937777837454632,53.06112351456327,0
58,T2,2,1,4353528,0,35.8428,14.3488,0
58,T2,2,1,4354008,1,35.802,15.0272,0
58,T2,2,1,4354768,2,37.668600000000005,17.44,0
58,T2,2,1,4355288,3,40.749,20.3584,0
58,T2,2,1,4356008,4,44.064,20.0256,0
58,T2,2,1,4356528,5,45.6042,15.8464,0
58,T2,2,1,4357288,6,47.837999999999994,9.728,0
58,T2,2,1,4357768,7,47.827799999999996,7.36,0
58,T2,2,1,4358288,8,46.257000000000005,6.3936,0
58,T2,2,1,4359008,9,44.0946,5.0624,0
58,T2,2,1,4359528,10,42.5238,4.1024,0
58,T2,2,1,4360288,11,40.2288,2.6944,0
58,T2,2,1,4360768,12,37.1382,2.9824,0
58,T2,2,1,4361528,13,28.886400000000002,5.984,0
58,T2,2,1,4362008,14,26.8668,7.3664,0
58,T2,2,1,4362768,15,23.664,9.5616,0
58,T2,2,1,4363288,16,21.471,11.0656,0
58,T2,2,1,4363768,17,19.4412,12.448,0
58,T2,2,1,4364528,18,16.238400000000002,14.6432,0
58,T2,2,1,4365008,19,14.2188,16.032,0
58,T2,2,1,4365768,20,11.016,18.2272,0
58,T2,2,1,4366288,21,9.7308,21.1456,0
58,T2,2,1,4367008,22,8.1906,25.5424,0
58,T2,2,1,4367528,23,7.803,25.8176,0
59,T0,0,1,4483008,0,69.819,1.5488,0
59,T0,0,1,4483288,1,72.03240000000001,3.3536,0
59,T0,0,1,4483768,2,78.2989690414743,7.871202601798753,0
59,T0,0,1,4484008,3,79.51521546327477,9.135766883491657,0
59,T0,0,1,4484288,4,81.02318386139446,10.575743808421024,0
59,T0,0,1,4484768,5,83.74071479999999,12.895769600000001,0
59,T0,0,1,4485008,6,84.36362268,13.035663360000001,0
59,T0,0,1,4485288,7,84.89238866675409,13.42266171382563,0
59,T0,0,1,4485528,8,85.50293256413597,13.575634505158702,0
59,T0,0,1,4486008,9,87.0509208,13.614688,0
59,T0,0,1,4486288,10,87.6649608,13.968608,0
59,T0,0,1,4486528,11,88.39153128,15.9129248,0
59,T0,0,1,4487008,12,89.87891568,19.7633088,0
59,T0,0,1,4487288,13,90.77547120000001,21.999072,0
59,T0,0,1,4487528,14,91.57560000000001,26.1568,0
59,T0,0,1,4488008,15,94.3107761425705,33.06987167345135,0
59,T0,0,1,4488288,16,94.78887073478023,35.07701273937646,0
59,T0,0,1,4488528,17,95.17035309193017,36.823795189641764,0
59,T0,0,1,4488768,18,95.64913931999999,39.068217600000004,0
59,T0,0,1,4489288,19,96.19766941200001,41.99073216,0
59,T0,0,1,4489528,20,96.32270631600001,43.31745088,0
59,T0,0,1,4489768,21,96.34165537668937,44.55677435492515,0
59,T0,0,1,4490288,22,96.16226337789921,47.30831897892766,0
59,T0,0,1,4490528,23,95.83172952,48.3972352,0
60,T1,1,1,4614008,0,57.696841020091796,53.453208263113915,0
60,T1,1,1,4614288,1,57.58153071593217,53.41433223430671,0
60,T1,1,1,4614768,2,55.48898490675947,54.69202977030044,0
60,T1,1,1,4615008,3,56.80078304536985,54.24597742518155,0
60,T1,1,1,4615288,4,56.173717149660696,54.12728957789909,0
60,T1,1,1,4615768,5,53.801906952,54.331237376,0
60,T1,1,1,4616008,6,53.68896284967466,54.1507782969432,0
60,T1,1,1,4616288,7,52.38557336179861,53.96100251353139,0
60,T1,1,1,4616768,8,50.686684559999996,54.090956799999994,0
60,T1,1,1,4617008,9,50.81723639999999,52.7634432,0
60,T1,1,1,4617288,10,48.54777924,50.580165120000004,0
60,T1,1,1,4617768,11,45.45259944,47.40854272,0
60,T1,1,1,4618008,12,43.9487196,45.7582848,0
60,T1,1,1,4618528,13,38.8212,41.2992,0
60,T1,1,1,4618768,14,37.27963610978547,38.68385984109074,0
60,T1,1,1,4619008,15,35.32583379535118,37.14118945588592,0
60,T1,1,1,4619528,16,30.962926199999995,33.37395839999999,0
60,T1,1,1,4619768,17,29.20342619999999,32.1125184,0
60,T1,1,1,4620008,18,28.059558420000005,31.148589440000002,0
60,T1,1,1,4620528,19,25.350392519999996,28.99144064,0
60,T1,1,1,4620768,20,24.139411800000005,28.0710976,0
60,T1,1,1,4621008,21,23.0826,27.0912,0
60,T1,1,1,4621528,22,20.4408,24.928,0
60,T1,1,1,4621768,23,19.227,23.9296,0
61,T2,2,1,4628528,0,16.1874,0.416,0
61,T2,2,1,4628768,1,17.686799999999998,1.0048,0
61,T2,2,1,4629008,2,19.176,1.6,0
61,T2,2,1,4629288,3,20.3388,2.0928,0
61,T2,2,1,4629528,4,20.0838,2.0992,0
61,T2,2,1,4629768,5,19.839000000000002,2.112,0
61,T2,2,1,4630008,6,19.584,2.1184,0
61,T2,2,1,4630288,7,18.666,4.8704,0
61,T2,2,1,4630528,8,17.656200000000002,8.1728,0
61,T2,2,1,4630768,9,16.6464,11.4752,0
61,T2,2,1,4631008,10,15.6366,14.7776,0
61,T2,2,1,4631288,11,14.453399999999998,18.624,0
61,T2,2,1,4631528,12,13.4436,21.9264,0
61,T2,2,1,4631768,13,12.3828,24.256,0
61,T2,2,1,4632008,14,10.343037668406224,30.262676349370793,0
61,T2,2,1,4632288,15,9.419082623794912,31.069603483379844,0
61,T2,2,1,4632528,16,8.588734591524062,31.797560640383775,0
61,T2,2,1,4632768,17,7.575870480000001,33.61420160000001,0
61,T2,2,1,4633008,18,6.732330479999999,33.8106816,0
61,T2,2,1,4633288,19,9.406305768000001,33.46523456,0
62,T0,0,1,4702288,0,95.57340330000001,33.7820544,0
62,T0,0,1,4703008,1,95.50577118000001,33.52557824,0
62,T0,0,1,4703528,2,95.58420000000001,33.2608,0
62,T0,0,1,4704288,3,95.59440000000001,32.96,0
62,T0,0,1,4704768,4,95.59440000000001,32.768,0
62,T0,0,1,4705528,5,95.6046,32.4672,0
62,T0,0,1,4706008,6,95.6148,32.2816,0
62,T0,0,1,4706768,7,95.6148,31.9808,0
62,T0,0,1,4707288,8,95.625,31.7696,0
62,T0,0,1,4708008,9,95.9968862725438,31.61688393149865,0
62,T0,0,1,4708528,10,95.63507148,31.2529024,0
62,T0,0,1,4709288,11,95.198008008,30.46299904,0
62,T0,0,1,4709768,12,94.0644,29.8432,0
62,T0,0,1,4710528,13,93.39737661147436,28.928589986520137,0
62,T0,0,1,4711008,14,92.39949888,28.354105599999997,0
62,T0,0,1,4711768,15,84.896622048,22.58939776,0
62,T0,0,1,4712288,16,76.8468,16.7936,0
62,T0,0,1,4713008,17,68.3298,10.4704,0
62,T0,0,1,4713528,18,62.3322,7.5584,0
62,T0,0,1,4714288,19,54.06,8.7552,0
62,T0,0,1,4714768,20,51.26520000000001,8.7744,0
62,T0,0,1,4715528,21,49.7658,5.2544,0
62,T0,0,1,4716008,22,48.8172,3.0272,0
62,T0,0,1,4716768,23,46.869,4.0064,0
63,T0,0,1,4804768,0,96.535289922,28.42218752,0
63,T0,0,1,4805528,1,96.87242838,27.997260800000003,0
63,T0,0,1,4806008,2,96.5532,29.1584,0
63,T0,0,1,4806768,3,96.6144,29.4848,0
63,T0,0,1,4807528,4,96.6756,29.8048,0
63,T0,0,1,4808008,5,96.71640000000001,30.0096,0
63,T0,0,1,4808768,6,96.77759999999999,30.336,0
63,T0,0,1,4809528,7,96.8388,30.656,0
63,T0,0,1,4810008,8,96.8796,30.8608,0
63,T0,0,1,4810768,9,96.9408,31.1872,0
63,T0,0,1,4811528,10,97.01219999999999,31.5072,0
63,T0,0,1,4812008,11,97.0428,31.712,0
63,T0,0,1,4812768,12,97.1142,32.032,0
63,T0,0,1,4813288,13,97.155,32.256,0
63,T0,0,1,4814008,14,97.2162,32.5632,0
63,T0,0,1,4814768,15,98.12667149718268,32.66675142361099,0
63,T0,0,1,4815288,16,97.51559835792877,32.95978008202227,0
63,T0,0,1,4816008,17,96.99223357711591,38.71408741802327,0
63,T0,0,1,4816768,18,96.0041170757608,42.95003440622833,0
63,T0,0,1,4817288,19,95.20712592601686,44.51032943386335,0
63,T0,0,1,4818008,20,94.84947604800001,47.67835008,0
63,T0,0,1,4818768,21,90.68693270991622,54.657311085435836,0
63,T0,0,1,4819288,22,87.1099409849265,58.06635685029818,0
63,T0,0,1,4820008,23,86.12559352800001,59.615074304000004,0
64,T1,1,1,4850768,0,86.11305018000002,49.37726400000001,0
64,T1,1,1,4851528,1,81.9617022,52.86608,0
64,T1,1,1,4852008,2,77.32651401321218,56.051996270957105,0
64,T1,1,1,4852768,3,70.7549622,60.7140672,0
64,T1,1,1,4853528,4,67.51991285999999,61.91382336000001,0
64,T1,1,1,4854008,5,65.6566758,61.8035008,0
64,T1,1,1,4854768,6,62.03639999999999,61.696,0
64,T1,1,1,4855528,7,58.990884550794476,61.4671671865773,0
64,T1,1,1,4856008,8,56.27286959999999,61.74531840000001,0
64,T1,1,1,4856768,9,52.21892448,57.66584192,0
64,T1,1,1,4857528,10,46.1244,48.6208,0
64,T1,1,1,4858008,11,42.5544,43.4112,0
64,T1,1,1,4858768,12,36.903600000000004,35.1616,0
64,T1,1,1,4859288,13,33.037800000000004,29.5232,0
64,T1,1,1,4860008,14,27.682799999999997,21.7088,0
64,T1,1,1,4860768,15,22.032,13.4656,0
64,T1,1,1,4861288,16,18.1662,7.8208,0
64,T1,1,1,4862008,17,15.289800000000001,3.5136,0
64,T1,1,1,4862768,18,15.5346,3.6032,0
64,T1,1,1,4863288,19,15.6978,3.6608,0
64,T1,1,1,4864008,20,15.922199999999998,3.7376,0
64,T1,1,1,4864768,21,13.974,5.1584,0
64,T1,1,1,4865288,22,11.291400000000001,6.9568,0
64,T1,1,1,4866008,23,5.9772,10.336,0
65,T2,2,1,4972768,0,60.81514482000001,36.05052352,0
65,T2,2,1,4973008,1,59.446123260000014,34.63100736,0
65,T2,2,1,4973288,2,57.859750919999996,33.00861312000001,0
65,T2,2,1,4973528,3,56.52726780000001,31.654380800000006,0
65,T2,2,1,4973768,4,53.9478,29.5616,0
65,T2,2,1,4974008,5,52.3158,28.0,0
65,T2,2,1,4974288,6,50.418600000000005,26.176,0
65,T2,2,1,4974528,7,48.7866,24.6144,0
65,T2,2,1,4974768,8,47.1648,23.0528,0
65,T2,2,1,4975008,9,45.5328,21.4912,0
65,T2,2,1,4975288,10,43.635600000000004,19.6672,0
65,T2,2,1,4975528,11,42.0036,18.1056,0
65,T2,2,1,4975768,12,40.3818,16.544,0
65,T2,2,1,4976008,13,38.913000000000004,17.3504,0
65,T2,2,1,4976288,14,37.5462,17.8112,0
65,T2,2,1,4976528,15,36.3732,18.2016,0
65,T2,2,1,4976768,16,35.2002,18.5984,0
65,T2,2,1,4977008,17,34.0272,18.9952,0
65,T2,2,1,4977288,18,32.6502,19.4496,0
65,T2,2,1,4977528,19,31.4772,19.8464,0
65,T2,2,1,4977768,20,30.304199999999998,20.2432,0
65,T2,2,1,4978008,21,30.09,20.4352,0
65,T2,2,1,4978288,22,30.395999999999997,20.5504,0
66,T3,3,1,5013008,0,85.00609314,42.23167488,0
66,T3,3,1,5013288,1,84.70263702,43.097763840000006,0
66,T3,3,1,5013528,2,84.49531284,43.85481728,0
66,T3,3,1,5013768,3,84.3208806,44.63083520000001,0
66,T3,3,1,5014008,4,83.1606,45.8368,0
66,T3,3,1,5014288,5,82.6812,46.816,0
66,T3,3,1,5014528,6,82.2732,47.648,0
66,T3,3,1,5014768,7,81.855,48.4864,0
66,T3,3,1,5015008,8,81.447,49.3184,0
66,T3,3,1,5015288,9,80.96759999999999,50.2976,0
66,T3,3,1,5015528,10,80.54939999999999,51.1296,0
66,T3,3,1,5015768,11,80.14139999999999,51.968,0
66,T3,3,1,5016008,12,79.73339999999999,52.8064,0
66,T3,3,1,5016288,13,79.254,53.7792,0
66,T3,3,1,5016528,14,78.8358,54.6112,0
66,T3,3,1,5016768,15,78.4278,55.4496,0
66,T3,3,1,5017008,16,78.0096,56.288,0
66,T3,3,1,5017288,17,77.5302,57.2608,0
66,T3,3,1,5017528,18,77.12219999999999,58.0992,0
66,T3,3,1,5017768,19,76.7142,58.9312,0
66,T3,3,1,5018008,20,77.35218787908173,59.10413405866486,0
66,T3,3,1,5018288,21,76.42435958401744,60.27130644363341,0
66,T3,3,1,5018528,22,75.6856595526166,61.27781970326605,0
66,T3,3,1,5018768,23,75.06622680000001,62.07042559999999,0
67,T0,0,1,5039528,0,85.774809,35.7853632,0
67,T0,0,1,5039768,1,85.7694999,34.51906112,0
67,T0,0,1,5040008,2,85.7952957,33.42708416,0
67,T0,0,1,5040288,3,85.83806940000001,32.17119872,0
67,T0,0,1,5040528,4,85.916181,31.129004800000004,0
67,T0,0,1,5040768,5,84.9864,28.5184,0
67,T0,0,1,5041008,6,84.8334,27.1552,0
67,T0,0,1,5041288,7,84.66,25.5616,0
67,T0,0,1,5041528,8,84.507,24.192,0
67,T0,0,1,5041768,9,84.3642,22.8288,0
67,T0,0,1,5042008,10,85.37289381099465,21.218646353020617,0
67,T0,0,1,5042288,11,84.82619864870568,19.630963747710233,0
67,T0,0,1,5042768,12,84.11691119999999,16.8455488,0
67,T0,0,1,5043008,13,83.5722312,15.9681088,0
67,T0,0,1,5043288,14,80.62303992000001,14.15465408,0
67,T0,0,1,5043528,15,78.34745256000001,12.74458944,0
67,T0,0,1,5043768,16,76.02139152,11.30661248,0
67,T0,0,1,5044008,17,73.68361680000001,9.862483200000002,0
67,T0,0,1,5044288,18,70.0638,7.8528,0
67,T0,0,1,5044528,19,70.27799999999999,7.4112,0
67,T0,0,1,5044768,20,70.50240000000001,6.976,0
67,T0,0,1,5045008,21,70.7166,6.5408,0
67,T0,0,1,5045288,22,70.9716,6.0288,0
67,T0,0,1,5045528,23,71.196,5.5936,0
68,T2,2,1,5078528,0,78.2034,7.5392,0
68,T2,2,1,5078768,1,76.5,7.2512,0
68,T2,2,1,5079008,2,74.7966,6.9632,0
68,T2,2,1,5079288,3,72.8076,6.624,0
68,T2,2,1,5079528,4,71.1042,6.336,0
68,T2,2,1,5079768,5,69.4008,6.048,0
68,T2,2,1,5080008,6,67.68719999999999,5.76,0
68,T2,2,1,5080288,7,65.6982,5.4208,0
68,T2,2,1,5080528,8,63.9948,5.1328,0
68,T2,2,1,5080768,9,62.2914,4.8448,0
68,T2,2,1,5081008,10,60.587999999999994,4.5568,0
68,T2,2,1,5081288,11,58.9866,4.2752,0
68,T2,2,1,5081768,12,57.1302,3.9104,0
68,T2,2,1,5082008,13,56.19179999999999,3.7248,0
68,T2,2,1,5082288,14,55.1106,3.5136,0
68,T2,2,1,5082528,15,54.1824,3.328,0
68,T2,2,1,5082768,16,53.2542,3.1488,0
68,T2,2,1,5083008,17,52.3158,2.9632,0
68,T2,2,1,5083288,18,51.2346,2.752,0
68,T2,2,1,5083528,19,50.306400000000004,2.5728,0
68,T2,2,1,5083768,20,49.3782,2.3872,0
68,T2,2,1,5084008,21,48.4398,2.208,0
68,T2,2,1,5084288,22,47.358599999999996,1.9904,0
68,T2,2,1,5084528,23,45.583800000000004,2.8864,0
69,T1,1,1,5088528,0,27.543002880000007,15.6604736,0
69,T1,1,1,5089288,1,27.060355200000004,19.624384,0
69,T1,1,1,5089768,2,27.4686,22.4384,0
69,T1,1,1,5090528,3,27.101399999999998,26.7968,0
69,T1,1,1,5091288,4,26.7444,31.1552,0
69,T1,1,1,5092008,5,26.7852,33.2992,0
69,T1,1,1,5092528,6,27.509875528642997,32.135593644043524,0
69,T1,1,1,5093288,7,28.153573016587742,31.884091365466528,0
69,T1,1,1,5094008,8,29.083123931999992,33.233724352,0
69,T1,1,1,5094768,9,33.56318510603067,33.903271009874665,0
69,T1,1,1,5095288,10,36.43072494,33.432805120000005,0
69,T1,1,1,5096008,11,36.85208694,35.02352128,0
69,T1,1,1,5096768,12,36.312,41.3888,0
69,T1,1,1,5097528,13,34.031984264734625,53.54684620135727,0
69,T1,1,1,5098008,14,33.0698178,59.42175999999999,0
69,T1,1,1,5098768,15,31.80840114,60.727264000000005,0
69,T1,1,1,5099528,16,30.65694533364171,61.241735561950065,0
69,T1,1,1,5100288,17,27.188793599999997,59.40738944,0
69,T1,1,1,5100768,18,18.76946134035049,50.64206819324145,0
69,T1,1,1,5101528,19,10.13521979999999,43.3734592,0
69,T1,1,1,5102288,20,16.23834015901198,49.07607291471824,0
69,T1,1,1,5103008,21,21.4394106,50.39968639999999,0
69,T1,1,1,5103528,22,21.09163446,49.090458240000004,0
69,T1,1,1,5104288,23,21.0024834,46.9423296,0
70,T1,1,1,5164768,0,48.78761592,59.397920000000006,1
70,T1,1,1,5165288,1,49.74088752,59.4576,1
70,T1,1,1,5165528,2,50.2215768,59.40704,1
70,T1,1,1,5166008,3,51.41670484246565,59.30476380069088,1
70,T1,1,1,5166528,4,51.627225391125194,59.96781911583555,1
70,T1,1,1,5166768,5,52.052997000000005,60.31008,1
70,T1,1,1,5167288,6,49.637978700000005,60.453792,1
70,T1,1,1,5167768,7,44.3910222,60.630592,1
70,T1,1,1,5168008,8,41.787513000000004,60.65632,1
70,T1,1,1,5168528,9,34.1598,61.664,1
70,T1,1,1,5169008,10,32.5788,62.0928,1
70,T1,1,1,5169288,11,31.660800000000002,62.3424,1
70,T1,1,1,5169768,12,30.0798,62.7712,1
70,T1,1,1,5170008,13,29.0802,62.1952,1
70,T1,1,1,5170528,14,24.6738,52.3968,1
70,T1,1,1,5171008,15,20.6142,43.3472,1
70,T1,1,1,5171288,16,18.2478,38.0736,1
70,T1,1,1,5171768,17,14.1882,29.024,1
70,T1,1,1,5172288,18,11.8728,28.192,1
70,T1,1,1,5172528,19,10.893600000000001,28.1536,1
70,T1,1,1,5173008,20,8.924999999999999,28.0832,1
70,T1,1,1,5173528,21,8.816498503989498,28.18839575949155,1
70,T1,1,1,5173768,22,9.176873570903453,27.954290630888792,1
70,T1,1,1,5174288,23,9.608440800000002,27.7176704,1
71,T2,2,1,5234768,0,28.254,0.5184,0
71,T2,2,1,5235008,1,25.959,1.0112,0
71,T2,2,1,5235288,2,19.262210471697642,4.0945435925901865,0
71,T2,2,1,5235528,3,18.02267132663182,3.8786271933720124,0
71,T2,2,1,5235768,4,16.710604158478805,3.7137620490611765,0
71,T2,2,1,5236008,5,13.669366799999997,4.48292864,0
71,T2,2,1,5236288,6,13.392946799999999,3.71044864,0
71,T2,2,1,5236528,7,13.781756629512106,3.2299006613797903,0
71,T2,2,1,5236768,8,14.732110964257004,2.8142746192722505,0
71,T2,2,1,5237008,9,15.71156007369155,2.5156987888257643,0
71,T2,2,1,5237288,10,17.575544519999998,1.8686018560000002,0
71,T2,2,1,5237528,11,17.3009646,2.5482214400000003,0
71,T2,2,1,5237768,12,18.65502786,3.7582103040000003,0
71,T2,2,1,5238008,13,19.832725980000003,4.827670272,0
71,T2,2,1,5238288,14,21.19943316,6.089460224000001,0
71,T2,2,1,5238528,15,22.3308294,7.191580160000001,0
71,T2,2,1,5238768,16,24.3066,9.3952,0
71,T2,2,1,5239008,17,25.6224,10.6816,0
71,T2,2,1,5239288,18,27.162599999999998,12.1856,0
71,T2,2,1,5239528,19,29.1006,12.4288,0
71,T2,2,1,5239768,20,31.038600000000002,12.672,0
72,T3,3,1,5313008,0,99.7458,30.8224,0
72,T3,3,1,5313528,1,99.0216,30.9248,0
72,T3,3,1,5314008,2,98.3484,31.0144,0
72,T3,3,1,5314768,3,97.31498778543099,30.48599763041036,0
72,T3,3,1,5315288,4,96.58324716,31.2849024,0
72,T3,3,1,5315768,5,93.25867690800001,35.19075712,0
72,T3,3,1,5316288,6,90.08248524000001,39.000153600000004,0
72,T3,3,1,5316768,7,83.73817852101745,46.0881733773884,0
72,T3,3,1,5317288,8,79.394403,50.3758912,0
72,T3,3,1,5318008,9,75.4378179,52.08584256,0
72,T3,3,1,5318528,10,72.824787,53.297516800000004,0
72,T3,3,1,5319008,11,69.8904,54.6816,0
72,T3,3,1,5319528,12,67.08539999999999,55.968,0
72,T3,3,1,5320008,13,64.85351092277357,56.538938276436525,0
72,T3,3,1,5320528,14,62.13069900000001,58.323264,0
72,T3,3,1,5321288,15,51.951134700000004,59.50683520000001,0
72,T3,3,1,5321768,16,44.48837100000001,59.668416,0
72,T3,3,1,5322288,17,37.2504,60.9728,0
72,T3,3,1,5322768,18,37.5666,61.024,0
72,T3,3,1,5323288,19,37.913399999999996,61.0752,0
72,T3,3,1,5323768,20,38.229600000000005,61.1264,0
72,T3,3,1,5324528,21,36.5568,56.8832,0
72,T3,3,1,5325008,22,36.7608,53.216,0
72,T3,3,1,5325528,23,37.4748,51.3472,0
