secuencia_rival_id,bepro_sequence_id,origen_segmentacion,tipologia,cluster_trayectoria,period,minuto_partido,start_time_seg,end_time_seg,end_time_bepro_ms,motivo_cierre,duracion_seg,indice_desorganizacion,indice_peligrosidad_accion,score_critico,xT_max,xT_added,pico_amenaza_concedida,exposicion_amenaza_concedida,control_campo_subiza_medio,control_campo_rival_medio,control_zona_peligrosa_subiza_medio,control_zona_peligrosa_rival_medio,pitch_control_rival_detras_linea,perdida_control_campo_subiza,incremento_control_zona_peligrosa_rival,categoria_desorganizacion_auto,categoria_peligrosidad_auto,tipo_desorganizacion_principal,tipo_desorganizacion_secundaria,tipo_finalizacion_tiro,tipo_finalizacion_tiro_puerta,es_gol,xg_tiro,score_finalizacion,match_time_tiro_oficial,distancia_tiro_seq_ms,tipo_asignacion_tiro_seq,x_fin,y_fin,ball_x_ini_m,ball_y_ini_m,ball_x_fin_m,ball_y_fin_m,ball_x_ini_norm_m,ball_y_ini_norm_m,ball_x_fin_norm_m,ball_y_fin_norm_m,progresion_x_norm_m,x_max_norm_m,recorrido_balon_m,recorrido_bepro_m,progresion_bepro_m,num_pases_bepro,direccion_progresion_bepro,num_eventos,num_eventos_rivales,tiene_setpiece,tipo_secuencia_ofensiva,motivo_conservacion,motivo_cierre,frames_poseedor_rival,frames_poseedor_propio,pct_poseedor_rival,validacion_rival_ok,alerta_validacion
38,346,bepro_sequences,T2,2,0,44.7,2655.417,2682.632,2682632.0,cierre_bepro,27.215,0.728,0.914,0.712,0.231,0.214,0.231,0.923,0.36688370033724127,0.6331162996627586,0.7789746678285359,0.221025332171464,0.221025332171464,0.3432496172538061,0.554847454308624,muy_alta,muy_alta,estructura_retroceso,estructura_anchura,1,1,False,0.14,0.398,2682632.0,0.0,dentro_intervalo,92.29999380000001,34.6546688,40.9805502,16.494905600000003,92.29999380000001,34.6546688,40.9805502,16.494905600000003,92.29999380000001,34.6546688,51.31944360000001,92.29999380000001,54.43769182187702,129.6172,57.7931,8,sideways,17,17,False,ataque_elaborado,recuperacion_con_posesion_elaborada,cierre_bepro,13.0,13.0,0.5,True,
23,233,bepro_sequences,T2,2,0,30.0,1794.846,1802.743,1802743.0,cierre_bepro,7.897,0.557,1.0,0.709,0.32,0.144,0.32,2.823,0.21175140490930505,0.7882485950906949,0.4410292902157563,0.5589707097842437,0.5589707097842437,0.006650347840796961,0.006460519345043214,media,critica,pitch_control_rival,estructura_anchura,1,0,False,0.45,0.615,1802743.0,0.0,dentro_intervalo,101.25540000000001,30.992115199999997,93.2257910099731,40.58270723009371,101.25540000000001,30.992115199999997,93.2257910099731,40.58270723009371,101.25540000000001,30.992115199999997,8.029608990026915,101.25540000000001,12.508160377146517,12.508160377146517,16.0865,1,backward,6,6,False,transicion_rapida,origen_recuperacion_rival,cierre_bepro,6.0,8.0,0.42857142857142855,False,Revisar: el poseedor detectado no confirma dominio rival en la secuencia.
2,8,bepro_sequences,T1,1,0,0.9,48.673,51.413,51413.0,cierre_bepro,2.74,0.559,1.0,0.691,0.227,0.179,0.227,2.08,0.12060624715377022,0.8793937528462296,0.312516485611813,0.6874835143881871,0.6874835143881871,0.020342124236238088,0.06174316098845389,media,critica,pitch_control_rival,presion_distancia,1,1,False,0.27,0.489,51413.0,0.0,dentro_intervalo,98.27237939999999,26.486028799999996,96.774336,2.3679807999999944,98.27237939999999,26.486028799999996,96.774336,2.3679807999999944,98.27237939999999,26.486028799999996,1.498043399999986,98.27237939999999,24.164527170184556,25.419,25.419,0,forward,2,2,False,transicion_rapida,origen_recuperacion_rival,cierre_bepro,3.0,0.0,1.0,True,
48,452,bepro_sequences,T0,0,1,62.0,3706.257,3719.668,3719668.0,cierre_bepro,13.411,0.571,0.871,0.625,0.164,0.158,0.164,0.812,0.5291572966325863,0.47084270336741374,0.9019116577252762,0.09808834227472377,0.09808834227472377,0.21446619322289084,0.3118922021654593,media,muy_alta,estructura_retroceso,presion_distancia,1,0,False,0.14,0.398,3719668.0,0.0,dentro_intervalo,13.903579200000001,24.49455744,97.616763996,34.64551296,13.903579200000001,24.49455744,4.383236003999997,29.354487040000002,88.0964208,39.50544256,83.71318479600001,88.0964208,84.32638499697627,93.7486,87.75,4,sideways,7,7,True,balon_parado_con_continuidad,setpiece_con_continuidad_bepro,cierre_bepro,9.0,6.0,0.6,True,
31,283,bepro_sequences,T1,1,0,35.2,2103.287,2114.108,2114108.0,cierre_bepro,10.821,0.507,0.916,0.616,0.135,0.029,0.135,1.384,0.21127825360075345,0.7887217463992465,0.5352662364559009,0.46473376354409907,0.46473376354409907,0.2737408758112826,0.5036187925181566,media,muy_alta,pitch_control_rival,estructura_anchura,1,0,False,0.01,0.307,2114108.0,0.0,dentro_intervalo,76.6632,14.3104,71.859,6.1376,76.6632,14.3104,71.859,6.1376,76.6632,14.3104,4.804200000000009,96.9204,9.480242480021282,19.1857,19.5173,2,sideways,4,4,False,ataque_elaborado,recuperacion_con_posesion_elaborada,cierre_bepro,4.0,15.0,0.21052631578947367,False,Revisar: el poseedor detectado no confirma dominio rival en la secuencia.
33,289,bepro_sequences,T1,1,0,35.7,2127.251,2141.58,2141580.0,cierre_bepro,14.329,0.682,0.794,0.615,0.093,-0.019,0.093,1.346,0.19395454460689104,0.8060454553931089,0.5438830936825958,0.45611690631740415,0.45611690631740415,0.1230060752829582,0.2491294636954634,muy_alta,muy_alta,pitch_control_rival,presion_distancia,0,0,False,,0.3,,,,92.7384,9.7664,70.9604247393686,34.928582873745285,92.7384,9.7664,70.9604247393686,34.928582873745285,92.7384,9.7664,21.777975260631393,92.7384,33.27785530085245,65.9125,35.0222,5,backward,10,10,False,ataque_elaborado,recuperacion_con_posesion_elaborada,cierre_bepro,9.0,0.0,1.0,True,
4,45,bepro_sequences,T1,1,0,4.3,248.986,255.332,255332.0,cierre_bepro,6.346,0.481,0.86,0.58,0.124,0.097,0.124,1.22,0.25199384936609415,0.7480061506339057,0.6496238614004142,0.35037613859958583,0.35037613859958583,0.013145917364664972,0.026622363281009143,baja,muy_alta,pitch_control_rival,estructura_retroceso,1,0,False,0.05,0.335,255332.0,0.0,dentro_intervalo,79.1535198,28.1474368,69.1152,0.0832,79.1535198,28.1474368,69.1152,0.0832,79.1535198,28.1474368,10.038319799999996,87.312,29.80552384330036,29.80552384330036,11.4065,0,forward,4,4,True,balon_parado_con_continuidad,setpiece_con_continuidad_bepro,cierre_bepro,5.0,5.0,0.5,True,
35,328,bepro_sequences,T1,1,0,42.9,2551.823,2571.78,2569546.0,cierre_recuperacion_propia,19.957,0.79,0.459,0.547,0.32,0.293,0.32,1.523,0.29028425910854805,0.709715740891452,0.6529395952600856,0.3470604047399143,0.3470604047399143,0.1714009967942346,0.281704206263817,critica,media,estructura_retroceso,pitch_control_rival,0,0,False,,0.05,,,,99.86098931400001,31.233411840000002,47.0832,27.7696,99.86098931400001,31.233411840000002,47.0832,27.7696,99.86098931400001,31.233411840000002,52.77778931400001,100.03480578,52.89133234600824,89.2733,52.6954,3,backward,7,7,False,ataque_elaborado,recuperacion_con_posesion_elaborada,cierre_recuperacion_propia,6.0,3.0,0.6666666666666666,True,
40,387,bepro_sequences,T1,1,1,49.5,2960.024,2967.09,2964037.0,cierre_recuperacion_propia,7.066,0.658,0.594,0.54,0.211,0.182,0.211,1.499,0.20072483719497014,0.7992751628050296,0.5394182001147917,0.4605817998852083,0.4605817998852083,-0.017200101899999626,-0.0066539208899825675,alta,alta,pitch_control_rival,presion_distancia,0,0,False,,0.1,,,,11.469168660000001,27.49137984,29.375999999999998,61.8176,11.469168660000001,27.49137984,72.624,2.1824000000000012,90.53083133999999,36.50862016,17.906831339999997,90.62283737999999,38.7161981489918,14.1101,12.5599,1,backward,2,2,True,balon_parado_con_continuidad,setpiece_con_continuidad_bepro,cierre_recuperacion_propia,3.0,2.0,0.6,True,
12,115,bepro_sequences,T1,1,0,11.6,686.946,693.549,693549.0,cierre_bepro,6.603,0.548,0.734,0.537,0.075,0.046,0.075,1.013,0.2275003118892057,0.7724996881107945,0.5845533874058823,0.41544661259411775,0.41544661259411775,0.08073715188991407,0.2892444383313101,media,alta,pitch_control_rival,estructura_retroceso,0,0,False,,0.3,,,,86.9142,11.2512,70.7778,0.576,86.9142,11.2512,70.7778,0.576,86.9142,11.2512,16.136399999999995,86.9142,19.347953380138165,26.6297,20.4728,4,forward,7,7,True,balon_parado_con_continuidad,setpiece_con_continuidad_bepro,cierre_bepro,1.0,15.0,0.0625,False,Revisar: el poseedor detectado no confirma dominio rival en la secuencia.
60,574,bepro_sequences,T2,2,1,85.4,5114.796,5126.057,5124799.0,cierre_recuperacion_propia,11.261,0.726,0.547,0.533,0.161,0.11,0.161,1.567,0.30364598856221237,0.6963540114377875,0.6534364551801406,0.34656354481985946,0.34656354481985946,0.23307834474552075,0.13683831593099965,muy_alta,alta,estructura_anchura,pitch_control_rival,0,0,False,,0.1,,,,6.005876790000001,19.13453376,44.39805408000001,36.46660096000001,6.005876790000001,19.13453376,57.60194591999999,27.533399039999992,95.99412321,44.86546624,38.39217729000001,101.88678,42.1231507664385,92.797,50.4776,4,backward,6,6,False,ataque_elaborado,recuperacion_con_posesion_elaborada,cierre_recuperacion_propia,6.0,4.0,0.6,True,
32,285,bepro_sequences,T1,1,0,35.4,2116.97,2121.28,2119493.0,cierre_recuperacion_propia,4.31,0.693,0.5,0.526,0.295,0.233,0.295,2.216,0.17023884696416253,0.8297611530358374,0.5004027155808123,0.4995972844191877,0.4995972844191877,0.002471399710986394,0.09492333313973439,muy_alta,media,pitch_control_rival,estructura_retroceso,0,0,False,,0.05,,,,95.32153755600001,29.88286336,69.3192,2.9248,95.32153755600001,29.88286336,69.3192,2.9248,95.32153755600001,29.88286336,26.002337556000015,97.18805412,37.454755886241514,11.2993,13.819,1,sideways,2,2,False,transicion_rapida,origen_recuperacion_rival,cierre_recuperacion_propia,0.0,1.0,0.0,False,Revisar: el poseedor detectado no confirma dominio rival en la secuencia.
37,336,bepro_sequences,T1,1,0,43.5,2601.736,2611.48,2611480.0,cierre_bepro,9.744,0.627,0.647,0.525,0.073,0.036,0.073,0.898,0.4520269586586599,0.5479730413413402,0.8144600876494892,0.18553991235051095,0.18553991235051095,0.22770852124961016,0.368607914130565,alta,alta,estructura_retroceso,estructura_anchura,0,0,False,,0.3,,,,97.4712,2.7328,43.095285600000004,45.4241152,97.4712,2.7328,43.095285600000004,45.4241152,97.4712,2.7328,54.37591439999999,97.4712,69.13239805143373,76.4099,73.2919,2,backward,3,3,False,transicion_rapida,origen_recuperacion_rival,cierre_bepro,3.0,7.0,0.3,False,Revisar: el poseedor detectado no confirma dominio rival en la secuencia.
9,81,bepro_sequences,T1,1,0,8.1,474.78,485.746,482246.0,cierre_tiro_rival,10.966,0.457,0.736,0.512,0.104,0.042,0.104,1.042,0.40862450357318714,0.5913754964268129,0.8593744812960027,0.14062551870399737,0.14062551870399737,0.18611306974615882,0.17048704019549243,baja,alta,estructura_retroceso,pitch_control_rival,1,1,False,0.02,0.314,485373.0,0.0,dentro_intervalo,77.9178,11.9744,44.584199999999996,3.6736,77.9178,11.9744,44.584199999999996,3.6736,77.9178,11.9744,33.333600000000004,88.485,34.35159631807524,49.962,47.5428,2,sideways,4,4,False,ataque_elaborado,recuperacion_con_posesion_elaborada,cierre_tiro_rival,0.0,5.0,0.0,False,Revisar: el poseedor detectado no confirma dominio rival en la secuencia.
52,476,bepro_sequences,T1,1,1,65.5,3921.401,3927.757,3926037.0,cierre_recuperacion_propia,6.356,0.651,0.542,0.5,0.142,0.106,0.142,0.95,0.1706292609852397,0.8293707390147604,0.4314719657871664,0.5685280342128337,0.5685280342128337,0.01887605129036571,-0.02966888282567859,alta,media,pitch_control_rival,presion_distancia,0,0,False,,0.1,,,,19.5674607,35.091383040000004,21.0018,63.9744,19.5674607,35.091383040000004,80.9982,0.02559999999999718,82.4325393,28.908616959999996,1.4343393000000049,83.103123,28.91860988946689,19.3091,17.694,2,sideways,3,3,True,balon_parado_con_continuidad,setpiece_con_continuidad_bepro,cierre_recuperacion_propia,4.0,3.0,0.5714285714285714,True,
30,260,bepro_sequences,T2,2,0,33.0,1976.134,1982.815,1981201.0,cierre_recuperacion_propia,6.681,0.665,0.461,0.499,0.295,0.27,0.295,1.901,0.34594431034306494,0.654055689656935,0.6463074174256531,0.35369258257434694,0.35369258257434694,0.28317759827694555,0.5164348718912357,alta,media,estructura_retroceso,pitch_control_rival,0,0,False,,0.05,,,,98.15115627600001,32.700044160000004,50.62427076,45.514363519999996,98.15115627600001,32.700044160000004,50.62427076,45.514363519999996,98.15115627600001,32.700044160000004,47.52688551600001,98.550930792,49.2240960050161,22.3185,42.6748,1,sideways,3,3,False,transicion_rapida,origen_recuperacion_rival,cierre_recuperacion_propia,3.0,1.0,0.75,True,
15,131,bepro_sequences,T1,1,0,14.5,860.817,868.18,866489.0,cierre_recuperacion_propia,7.363,0.505,0.679,0.496,0.067,-0.025,0.067,0.903,0.30930152565674013,0.69069847434326,0.6840258657009267,0.31597413429907323,0.31597413429907323,0.034740460628848,-0.0278759562974632,media,alta,estructura_anchura,pitch_control_rival,0,0,False,,0.3,,,,76.8978,6.4832,74.6844,16.7168,76.8978,6.4832,74.6844,16.7168,76.8978,6.4832,2.213400000000007,78.1524,10.470229630719663,26.9562,21.3569,3,sideways,6,6,False,transicion_rapida,origen_recuperacion_rival,cierre_recuperacion_propia,3.0,3.0,0.5,True,
61,583,bepro_sequences,T1,1,1,86.0,5157.74,5159.99,5159990.0,cierre_bepro,2.25,0.515,0.576,0.492,0.265,0.079,0.265,4.779,0.24401044106407932,0.7559895589359208,0.59090685526674,0.4090931447332601,0.4090931447332601,0.016073672857070315,0.009499649039504898,media,alta,pitch_control_rival,estructura_anchura,0,0,False,,0.1,,,,6.558599999999999,28.5312,10.029810270562985,22.908792696215922,6.558599999999999,28.5312,91.97018972943701,41.091207303784074,95.4414,35.4688,3.4712102705629917,98.2878426,6.607629274717709,13.3576,7.8745,1,forward,2,2,False,transicion_rapida,origen_recuperacion_rival,cierre_bepro,4.0,0.0,1.0,True,
3,40,bepro_sequences,T1,1,0,4.0,230.801,238.413,235913.0,cierre_recuperacion_propia,7.612,0.5,0.647,0.481,0.074,0.019,0.074,0.899,0.34749722747679923,0.6525027725232007,0.8228543659789445,0.17714563402105546,0.17714563402105546,0.0756010999205195,0.07025144109960563,media,alta,pitch_control_rival,estructura_retroceso,0,0,False,,0.3,,,,82.7424,3.7504,56.8854,5.0048,82.7424,3.7504,56.8854,5.0048,82.7424,3.7504,25.857000000000006,94.0236,25.887409456336112,34.7589,40.5158,1,sideways,2,2,False,transicion_rapida,origen_recuperacion_rival,cierre_recuperacion_propia,0.0,2.0,0.0,False,Revisar: el poseedor detectado no confirma dominio rival en la secuencia.
1,1,bepro_sequences,T1,1,0,0.2,1.746,12.346,9846.0,cierre_recuperacion_propia,10.6,0.537,0.618,0.48,0.067,-0.006,0.067,0.77,0.3998533427487954,0.6001466572512048,0.8582880466303916,0.14171195336960873,0.14171195336960873,0.2073576917746004,0.1378416813608122,media,alta,estructura_anchura,presion_distancia,0,0,False,,0.3,,,,77.3262,1.7472,51.39367920000001,30.20064,77.3262,1.7472,51.39367920000001,30.20064,77.3262,1.7472,25.932520799999992,82.4772,38.49797245149453,73.8389,33.0134,3,backward,5,5,False,ataque_elaborado,posesion_bepro_elaborada,cierre_recuperacion_propia,8.0,5.0,0.6153846153846154,True,
24,235,bepro_sequences,T1,1,0,30.3,1804.127,1817.446,1814546.0,cierre_recuperacion_propia,13.319,0.595,0.5,0.472,0.191,-0.022,0.191,2.198,0.16777889746730903,0.832221102532691,0.3895627371919313,0.6104372628080688,0.6104372628080688,-0.0041129800957119544,-0.042008524859954544,alta,media,pitch_control_rival,estructura_anchura,0,0,False,,0.05,,,,100.27413817200001,18.838018560000002,98.28119628,22.58821568,100.27413817200001,18.838018560000002,98.28119628,22.58821568,100.27413817200001,18.838018560000002,1.9929418920000046,100.28318291999999,4.2468571701606415,16.1852,21.1076,2,backward,5,5,False,ataque_elaborado,recuperacion_con_posesion_elaborada,cierre_recuperacion_propia,5.0,6.0,0.45454545454545453,False,Revisar: el poseedor detectado no confirma dominio rival en la secuencia.
6,58,bepro_sequences,T1,1,0,5.6,328.445,336.58,334646.0,cierre_recuperacion_propia,8.135,0.552,0.468,0.436,0.159,0.028,0.159,1.308,0.24929529607473136,0.7507047039252688,0.5937393420101438,0.40626065798985633,0.40626065798985633,0.2366092854081643,0.449801201276083,media,media,pitch_control_rival,estructura_anchura,0,0,False,,0.05,,,,83.9052,14.56,69.615,16.3072,83.9052,14.56,69.615,16.3072,83.9052,14.56,14.290199999999999,91.7796,14.396615014648408,41.6038,22.0499,4,backward,7,7,False,transicion_rapida,origen_recuperacion_rival,cierre_recuperacion_propia,3.0,5.0,0.375,False,Revisar: el poseedor detectado no confirma dominio rival en la secuencia.
43,423,bepro_sequences,T2,2,1,56.4,3379.799,3384.457,3384457.0,cierre_bepro,4.658,0.778,0.322,0.434,0.084,0.068,0.084,0.845,0.3014146834140956,0.6985853165859045,0.7418507123091215,0.25814928769087864,0.25814928769087864,-0.039594814821891366,0.23029026744758116,critica,media,estructura_anchura,estructura_retroceso,0,0,False,,0.1,,,,20.381334000000003,18.421606399999995,63.8826,23.3152,20.381334000000003,18.421606399999995,38.1174,40.684799999999996,81.61866599999999,45.578393600000005,43.50126599999999,81.61866599999999,43.775648503759676,40.2403,48.8029,1,sideways,2,2,True,balon_parado_con_continuidad,setpiece_con_continuidad_bepro,cierre_bepro,1.0,2.0,0.3333333333333333,False,Revisar: el poseedor detectado no confirma dominio rival en la secuencia.
39,361,bepro_sequences,T0,0,0,48.5,2889.953,2911.113,2908827.0,cierre_recuperacion_propia,21.16,0.477,0.5,0.397,0.025,0.019,0.025,0.203,0.6171796835071668,0.3828203164928335,0.9660624196901022,0.03393758030989795,0.03393758030989795,0.3146204954893377,0.06357014545003609,baja,media,estructura_retroceso,presion_distancia,1,0,False,0.02,0.314,2912601.0,1488.0,tiro_cercano_a_intervalo,66.81,2.016,2.1420000000000003,28.832,66.81,2.016,2.1420000000000003,28.832,66.81,2.016,64.668,67.116,70.00748588543944,89.6728,60.4248,4,backward,8,8,False,juego_directo,primer_pase_largo_progresivo,cierre_recuperacion_propia,14.0,5.0,0.7368421052631579,True,
55,510,bepro_sequences,T2,2,1,72.0,4316.625,4322.957,4321990.0,cierre_recuperacion_propia,6.332,0.659,0.299,0.383,0.086,0.08,0.086,0.935,0.48918318319547593,0.5108168168045242,0.8181065067810129,0.18189349321898696,0.18189349321898696,0.12493109307309042,0.05610210239918362,alta,media,presion_distancia,estructura_retroceso,0,0,False,,0.1,,,,33.91940640000001,29.596830080000004,92.9526,32.832,33.91940640000001,29.596830080000004,9.047399999999996,31.168,68.08059359999999,34.403169919999996,59.03319359999999,71.76052994464234,59.12177493129205,71.58,67.449,3,sideways,4,4,True,balon_parado_con_continuidad,setpiece_con_continuidad_bepro,cierre_recuperacion_propia,1.0,4.0,0.2,False,Revisar: el poseedor detectado no confirma dominio rival en la secuencia.
5,54,bepro_sequences,T1,1,0,5.4,322.014,326.213,324716.0,cierre_recuperacion_propia,4.199,0.701,0.254,0.376,0.08,0.052,0.08,0.914,0.273601882544457,0.7263981174555431,0.6373295380866864,0.36267046191331354,0.36267046191331354,0.05159158471875552,0.11108977614187204,muy_alta,media,pitch_control_rival,estructura_retroceso,0,0,False,,0.05,,,,82.3854,14.528,43.37880072,23.30679296,82.3854,14.528,43.37880072,23.30679296,82.3854,14.528,39.00659928,83.11148700000001,39.98227098633896,40.7544,40.7544,1,backward,2,2,True,balon_parado_con_continuidad,setpiece_con_continuidad_bepro,cierre_recuperacion_propia,3.0,1.0,0.75,True,
46,435,bepro_sequences,T1,1,1,59.0,3524.745,3537.024,3535290.0,cierre_recuperacion_propia,12.279,0.587,0.329,0.369,0.079,0.028,0.079,0.96,0.31400577007375097,0.6859942299262489,0.6865585359345087,0.31344146406549134,0.31344146406549134,0.3515807737358042,0.5522703399881638,alta,media,pitch_control_rival,estructura_retroceso,0,0,False,,0.1,,,,15.615037322236098,58.09714962957908,50.3472,49.4592,15.615037322236098,58.09714962957908,51.6528,14.540799999999997,86.3849626777639,5.902850370420921,34.732162677763895,97.64162568,35.79018438172401,33.4671,45.5527,1,sideways,2,2,False,juego_directo,primer_pase_largo_progresivo,cierre_recuperacion_propia,4.0,7.0,0.36363636363636365,False,Revisar: el poseedor detectado no confirma dominio rival en la secuencia.
62,587,bepro_sequences,T1,1,1,87.4,5242.324,5246.624,5243502.0,cierre_recuperacion_propia,4.3,0.556,0.355,0.368,0.069,0.032,0.069,0.948,0.17867763101311368,0.8213223689868862,0.43987737055922727,0.5601226294407727,0.5601226294407727,0.01171889977017293,0.05039559358219359,media,media,pitch_control_rival,estructura_anchura,0,0,False,,0.1,,,,11.4319356,54.136780800000004,23.520104291853063,60.746291427347494,11.4319356,54.136780800000004,78.47989570814694,3.2537085726525063,90.5680644,9.863219199999996,12.088168691853056,90.5680644,13.77713515415001,10.7429,10.7429,2,backward,2,2,True,balon_parado_con_continuidad,setpiece_con_continuidad_bepro,cierre_recuperacion_propia,2.0,3.0,0.4,False,Revisar: el poseedor detectado no confirma dominio rival en la secuencia.
28,253,bepro_sequences,T1,1,0,32.4,1940.898,1946.913,1946913.0,cierre_bepro,6.015,0.61,0.269,0.352,0.088,0.051,0.088,1.176,0.28766837061188605,0.7123316293881138,0.6518148037623774,0.3481851962376227,0.3481851962376227,0.14318533227018798,0.11805106762326967,alta,media,pitch_control_rival,estructura_retroceso,0,0,False,,0.05,,,,88.05659999999999,14.3488,55.60221858,21.506004480000005,88.05659999999999,14.3488,55.60221858,21.506004480000005,88.05659999999999,14.3488,32.45438141999999,88.05659999999999,33.234206013133104,12.1583,35.3034,1,sideways,3,3,False,transicion_rapida,origen_recuperacion_rival,cierre_bepro,3.0,0.0,1.0,True,
56,526,bepro_sequences,T0,0,1,76.9,4602.79,4615.89,4615890.0,cierre_bepro,13.1,0.635,0.203,0.325,0.059,0.051,0.059,0.511,0.508778635387871,0.49122136461212873,0.8970173710040867,0.10298262899591323,0.10298262899591323,0.34116600563752336,0.36768547415661357,alta,baja,presion_distancia,estructura_retroceso,0,0,False,,0.1,,,,23.633399999999998,12.3456,94.86235262429295,26.229838296262727,23.633399999999998,12.3456,7.137647375707047,37.77016170373727,78.3666,51.6544,71.22895262429296,78.3666,72.56952366538711,59.6133,79.6014,3,sideways,5,5,True,balon_parado_con_continuidad,setpiece_con_continuidad_bepro,cierre_bepro,3.0,0.0,1.0,True,
53,487,bepro_sequences,T2,2,1,68.6,4103.837,4118.324,4114824.0,cierre_recuperacion_propia,14.487,0.536,0.213,0.296,0.063,0.017,0.063,0.711,0.47593677891278735,0.5240632210872127,0.901561071709934,0.09843892829006572,0.09843892829006572,0.033912441449854835,0.17572401992367032,media,baja,estructura_anchura,presion_distancia,0,0,False,,0.1,,,,22.5216,12.0384,50.320717740000006,32.222398080000005,22.5216,12.0384,51.679282259999994,31.777601919999995,79.4784,51.961600000000004,27.79911774,79.4784,34.35381675470467,74.7539,24.0579,4,backward,7,7,False,ataque_elaborado,posesion_bepro_elaborada,cierre_recuperacion_propia,8.0,1.0,0.8888888888888888,True,
47,442,bepro_sequences,T1,1,1,59.6,3568.224,3574.09,3574090.0,cierre_bepro,5.866,0.518,0.23,0.292,0.036,0.009,0.036,0.643,0.26295606343613454,0.7370439365638655,0.6569219444199861,0.34307805558001386,0.34307805558001386,0.033053305729472404,0.06189788955144909,media,media,pitch_control_rival,estructura_anchura,0,0,False,,0.1,,,,27.172800000000002,59.424,37.6992,63.5008,27.172800000000002,59.424,64.30080000000001,0.49920000000000186,74.8272,4.5760000000000005,10.526399999999995,74.8272,11.288285751166999,29.1926,12.3353,4,backward,6,6,True,balon_parado_con_continuidad,setpiece_con_continuidad_bepro,cierre_bepro,1.0,2.0,0.3333333333333333,False,Revisar: el poseedor detectado no confirma dominio rival en la secuencia.
14,125,bepro_sequences,T1,1,0,13.3,793.457,800.78,800780.0,cierre_bepro,7.323,0.496,0.201,0.279,0.075,0.055,0.075,0.917,0.30634431262444267,0.6936556873755574,0.7532310685384519,0.24676893146154827,0.24676893146154827,0.07673397106076035,0.1835176162022304,baja,baja,pitch_control_rival,estructura_retroceso,0,0,False,,0.05,,,,78.7255278,18.628249600000004,55.5186,0.1664,78.7255278,18.628249600000004,55.5186,0.1664,78.7255278,18.628249600000004,23.206927799999995,80.18220000000001,29.65470263832421,16.8692,31.7751,1,forward,2,2,True,balon_parado_con_continuidad,setpiece_con_continuidad_bepro,cierre_bepro,2.0,14.0,0.125,False,Revisar: el poseedor detectado no confirma dominio rival en la secuencia.
16,135,bepro_sequences,T3,3,0,15.0,888.564,899.48,899480.0,cierre_bepro,10.916,0.486,0.219,0.276,0.039,-0.023,0.039,0.508,0.32237711473864195,0.677622885261358,0.7100378293565428,0.28996217064345714,0.28996217064345714,-0.2860588117230452,-0.3259636363619168,baja,baja,presion_distancia,pitch_control_rival,0,0,False,,0.1,,,,20.9682828,21.4659136,73.8378,1.2608,20.9682828,21.4659136,73.8378,1.2608,20.9682828,21.4659136,-52.869517200000004,75.93900000000001,56.59887335053589,57.9796,58.1742,4,forward,7,7,True,balon_parado_con_continuidad,setpiece_con_continuidad_bepro,cierre_bepro,2.0,4.0,0.3333333333333333,False,Revisar: el poseedor detectado no confirma dominio rival en la secuencia.
26,245,bepro_sequences,T2,2,0,31.6,1890.513,1896.013,1894003.0,cierre_recuperacion_propia,5.5,0.503,0.172,0.262,0.042,0.007,0.042,0.595,0.25645580390549394,0.7435441960945062,0.5922817695784721,0.40771823042152794,0.40771823042152794,-0.05393795013932848,-0.08272115535872337,media,baja,pitch_control_rival,estructura_anchura,0,0,False,,0.05,,,,70.6146,54.7584,65.11359052859825,55.62753119115264,70.6146,54.7584,65.11359052859825,55.62753119115264,70.6146,54.7584,5.501009471401744,73.1952,5.5692453916025375,29.2084,14.1417,3,sideways,5,5,True,balon_parado_con_continuidad,setpiece_con_continuidad_bepro,cierre_recuperacion_propia,6.0,0.0,1.0,True,
58,543,bepro_sequences,T0,0,1,81.7,4892.133,4900.999,4897671.0,cierre_recuperacion_propia,8.866,0.365,0.225,0.241,0.059,0.012,0.059,0.426,0.5247575122835074,0.4752424877164926,0.841106423272706,0.15889357672729396,0.15889357672729396,-0.0062792040078372136,0.056954339724647446,baja,media,estructura_anchura,presion_distancia,0,0,False,,0.1,,,,41.9628,43.3792,55.2613917,28.212545920000004,41.9628,43.3792,46.7386083,35.787454079999996,60.0372,20.620800000000003,13.298591699999996,65.6268,20.17126513597224,30.0543,32.1185,2,forward,4,4,False,transicion_rapida,origen_recuperacion_rival,cierre_recuperacion_propia,6.0,3.0,0.6666666666666666,True,
20,176,bepro_sequences,T2,2,0,22.5,1344.057,1351.446,1349962.0,cierre_recuperacion_propia,7.389,0.426,0.163,0.238,0.076,0.038,0.076,0.676,0.4865677756154869,0.513432224384513,0.862806247079711,0.13719375292028907,0.13719375292028907,0.26783338515639266,0.2763733927860633,baja,baja,estructura_anchura,presion_distancia,0,0,False,,0.05,,,,69.85979999999999,20.608,50.19789138,51.49927616000001,69.85979999999999,20.608,50.19789138,51.49927616000001,69.85979999999999,20.608,19.66190861999999,70.6146,36.61777701301125,44.0262,36.7387,2,backward,5,5,False,transicion_rapida,origen_recuperacion_rival,cierre_recuperacion_propia,2.0,2.0,0.5,True,
51,472,bepro_sequences,T0,0,1,65.1,3900.01,3904.286,3904286.0,cierre_bepro,4.276,0.521,0.065,0.216,0.022,0.01,0.022,0.329,0.36988959173279196,0.6301104082672081,0.7773595777513952,0.22264042224860475,0.22264042224860475,-0.09431738601206802,-0.08986351114670468,media,baja,presion_distancia,pitch_control_rival,0,0,False,,0.05,,,,58.59091140000001,40.477177600000005,73.134,12.416,58.59091140000001,40.477177600000005,28.866,51.584,43.40908859999999,23.522822399999995,14.54308859999999,43.40908859999999,31.605871516637404,30.7411,36.5943,2,forward,3,3,True,balon_parado_con_continuidad,setpiece_con_continuidad_bepro,cierre_bepro,4.0,3.0,0.5714285714285714,True,
29,259,bepro_sequences,T3,3,0,32.9,1960.95,1976.134,1976134.0,cierre_bepro,15.184,0.407,0.122,0.204,0.033,0.013,0.033,0.301,0.5371127061880228,0.46288729381197713,0.945087600442686,0.05491239955731414,0.05491239955731414,-0.1364934067980237,-0.1372666539747773,baja,baja,presion_distancia,estructura_anchura,0,0,False,,0.1,,,,49.8883836,45.3383872,26.590714262261063,34.00958925146909,49.8883836,45.3383872,26.590714262261063,34.00958925146909,49.8883836,45.3383872,23.297669337738935,49.8883836,25.90604291529795,93.0077,26.8828,4,forward,8,8,False,ataque_elaborado,recuperacion_con_posesion_elaborada,cierre_bepro,12.0,6.0,0.6666666666666666,True,
27,249,bepro_sequences,T0,0,0,31.7,1898.184,1904.946,1904946.0,cierre_bepro,6.762,0.35,0.16,0.199,0.022,-0.015,0.022,0.24,0.4648391802942613,0.5351608197057388,0.7771765524342777,0.2228234475657223,0.2228234475657223,-0.053609185426439165,-0.10318897601939397,baja,baja,presion_distancia,estructura_anchura,0,0,False,,0.1,,,,18.972,13.504,52.1873412,54.0701824,18.972,13.504,52.1873412,54.0701824,18.972,13.504,-33.2153412,52.1873412,52.42970575487228,48.6333,55.523,2,backward,3,3,False,ataque_elaborado,recuperacion_con_posesion_elaborada,cierre_bepro,3.0,0.0,1.0,True,
10,107,bepro_sequences,T3,3,0,9.9,583.343,593.861,593861.0,cierre_bepro,10.518,0.316,0.167,0.193,0.036,-0.029,0.036,0.366,0.4586755636231984,0.5413244363768015,0.8372591033492058,0.1627408966507942,0.1627408966507942,-0.2351167222806883,-0.14204917507393489,baja,baja,presion_distancia,pitch_control_rival,0,0,False,,0.1,,,,13.449087599999999,27.7692416,58.2254964,16.6575424,13.449087599999999,27.7692416,58.2254964,16.6575424,13.449087599999999,27.7692416,-44.7764088,58.2254964,46.13454935442632,53.242,47.5786,4,sideways,8,8,False,ataque_elaborado,recuperacion_con_posesion_elaborada,cierre_bepro,3.0,5.0,0.375,False,Revisar: el poseedor detectado no confirma dominio rival en la secuencia.
17,149,bepro_sequences,T0,0,0,17.4,1034.287,1042.146,1038799.0,cierre_recuperacion_propia,7.859,0.36,0.12,0.193,0.066,0.044,0.066,0.53,0.7079901458812039,0.29200985411879604,0.9158704896889092,0.08412951031109091,0.08412951031109091,0.250860863079991,0.2790484485523783,baja,baja,estructura_retroceso,estructura_anchura,0,0,False,,0.05,,,,65.86372968,45.17987712,16.50475404507094,30.246014916690385,65.86372968,45.17987712,16.50475404507094,30.246014916690385,65.86372968,45.17987712,49.35897563492907,69.39231360000001,51.56867960338873,20.0254,28.1719,3,sideways,5,5,False,transicion_rapida,origen_recuperacion_rival,cierre_recuperacion_propia,7.0,2.0,0.7777777777777778,True,
13,119,bepro_sequences,T2,2,0,12.0,717.08,719.313,719313.0,cierre_bepro,2.233,0.42,0.079,0.193,0.05,0.034,0.05,0.648,0.5694065847975784,0.43059341520242145,0.916625256267362,0.08337474373263785,0.08337474373263785,0.00805423430607255,0.001919920172765821,baja,baja,estructura_anchura,presion_distancia,0,0,False,,0.05,,,,62.8533588,42.0412224,38.5995897,50.62540224,62.8533588,42.0412224,38.5995897,50.62540224,62.8533588,42.0412224,24.2537691,63.7019988,25.728067534923355,28.0288,28.0288,2,sideways,2,2,False,transicion_rapida,origen_recuperacion_rival,cierre_bepro,1.0,0.0,1.0,True,
49,464,bepro_sequences,T0,0,1,64.4,3858.824,3865.288,3862604.0,cierre_recuperacion_propia,6.464,0.463,0.042,0.189,0.04,0.019,0.04,0.265,0.6482461343792497,0.35175386562075034,0.9466806309262799,0.05331936907372028,0.05331936907372028,0.07309658032349198,0.02241933347335367,baja,baja,estructura_anchura,presion_distancia,0,0,False,,0.05,,,,53.1032511489906,17.626553138405107,95.8596,36.1792,53.1032511489906,17.626553138405107,6.1404,27.8208,48.8967488510094,46.37344686159489,42.7563488510094,60.890878799999996,46.608004383799354,22.1645,28.2722,2,backward,3,3,True,balon_parado_con_continuidad,setpiece_con_continuidad_bepro,cierre_recuperacion_propia,2.0,1.0,0.6666666666666666,True,
45,432,bepro_sequences,T3,3,1,58.7,3514.219,3522.757,3521065.0,cierre_recuperacion_propia,8.538,0.339,0.113,0.176,0.032,0.013,0.032,0.311,0.5833313591131699,0.41666864088683,0.9582414957374332,0.04175850426256685,0.04175850426256685,0.23808417028008377,0.116891532775048,baja,baja,estructura_anchura,presion_distancia,0,0,False,,0.1,,,,47.96477576908115,51.641862156603295,70.30411833882359,48.212454304267695,47.96477576908115,51.641862156603295,31.695881661176415,15.787545695732305,54.03522423091885,12.358137843396705,22.339342569742435,58.5072,22.601041229686025,64.4718,16.1543,3,sideways,5,5,False,transicion_rapida,origen_recuperacion_rival,cierre_recuperacion_propia,7.0,0.0,1.0,True,
22,218,bepro_sequences,T3,3,0,28.5,1701.653,1710.109,1710109.0,cierre_bepro,8.456,0.294,0.132,0.166,0.018,-0.011,0.018,0.279,0.48324490997127684,0.516755090028723,0.8575188609267025,0.14248113907329757,0.14248113907329757,-0.2551721575360994,-0.17309489980471415,baja,baja,presion_distancia,estructura_anchura,0,0,False,,0.1,,,,17.546131799999998,37.9057088,53.4378,0.544,17.546131799999998,37.9057088,53.4378,0.544,17.546131799999998,37.9057088,-35.891668200000005,53.4378,51.80838861260683,79.2908,55.2937,4,forward,5,5,True,balon_parado_con_continuidad,setpiece_con_continuidad_bepro,cierre_bepro,5.0,2.0,0.7142857142857143,True,
44,427,bepro_sequences,T1,1,1,56.7,3398.395,3404.79,3402057.0,cierre_recuperacion_propia,6.395,0.19,0.191,0.165,0.063,0.03,0.063,1.025,0.6213795494329751,0.3786204505670248,0.9621938420898429,0.03780615791015711,0.03780615791015711,-0.07588180659193944,-0.05836931503387701,baja,baja,estructura_anchura,estructura_retroceso,0,0,False,,0.1,,,,43.554,33.1008,58.10543729999999,31.439569920000004,43.554,33.1008,43.89456270000001,32.560430079999996,58.446,30.8992,14.55143729999999,63.2706,14.64595551251361,20.0645,21.8742,1,sideways,2,2,False,transicion_rapida,origen_recuperacion_rival,cierre_recuperacion_propia,2.0,5.0,0.2857142857142857,False,Revisar: el poseedor detectado no confirma dominio rival en la secuencia.
41,417,bepro_sequences,T0,0,1,55.3,3309.975,3317.924,3317924.0,cierre_bepro,7.949,0.298,0.12,0.165,0.035,0.028,0.035,0.329,0.7258288183239501,0.2741711816760499,0.9955310958776934,0.004468904122306326,0.004468904122306326,0.1448811777372675,0.008822250119302492,baja,baja,estructura_anchura,estructura_retroceso,0,0,False,,0.1,,,,49.62418319999999,25.208441599999997,84.5210148,4.84603904,49.62418319999999,25.208441599999997,17.478985199999997,59.15396096,52.37581680000001,38.7915584,34.89683160000001,52.37581680000001,40.403171827645586,29.4908,42.8154,2,forward,4,4,False,transicion_rapida,origen_recuperacion_rival,cierre_bepro,1.0,10.0,0.09090909090909091,False,Revisar: el poseedor detectado no confirma dominio rival en la secuencia.
25,243,bepro_sequences,T3,3,0,31.3,1865.513,1877.146,1877146.0,cierre_bepro,11.633,0.33,0.081,0.16,0.041,0.005,0.041,0.508,0.4082880837261995,0.5917119162738005,0.8437246603305901,0.15627533966940962,0.15627533966940962,0.10660552002053153,0.2199931507303074,baja,baja,pitch_control_rival,estructura_anchura,0,0,False,,0.05,,,,58.88477054399999,48.360003455999994,53.4786,17.7152,58.88477054399999,48.360003455999994,53.4786,17.7152,58.88477054399999,48.360003455999994,5.406170543999991,58.88477054399999,31.118011806792577,63.1045,33.281,4,forward,7,7,False,ataque_elaborado,recuperacion_con_posesion_elaborada,cierre_bepro,2.0,6.0,0.25,False,Revisar: el poseedor detectado no confirma dominio rival en la secuencia.
21,205,bepro_sequences,T3,3,0,26.7,1595.185,1603.741,1603741.0,cierre_bepro,8.556,0.406,0.024,0.158,0.025,0.019,0.025,0.293,0.5853275901300324,0.41467240986996756,0.8942010346752138,0.10579896532478616,0.10579896532478616,0.38478098195276905,0.25834870988758274,baja,baja,estructura_retroceso,presion_distancia,0,0,False,,0.05,,,,62.444399999999995,4.5056,9.53496714,11.9750464,62.444399999999995,4.5056,9.53496714,11.9750464,62.444399999999995,4.5056,52.909432859999995,62.444399999999995,53.4340782187671,27.6523,56.4202,2,sideways,4,4,False,transicion_rapida,origen_recuperacion_rival,cierre_bepro,2.0,2.0,0.5,True,
57,541,bepro_sequences,T0,0,1,81.4,4880.057,4886.722,4886722.0,cierre_bepro,6.665,0.387,0.027,0.154,0.033,-0.023,0.033,0.45,0.4791462768857292,0.5208537231142708,0.944495422771935,0.05550457722806481,0.05550457722806481,-0.023012869634196187,0.13164293064273425,baja,baja,presion_distancia,estructura_anchura,0,0,False,,0.05,,,,73.41501000000001,40.6179648,53.72487165068905,33.742064326106004,73.41501000000001,40.6179648,48.27512834931095,30.257935673893996,28.58498999999999,23.382035199999997,-19.690138349310956,48.27512834931095,20.85616349048649,40.684,25.9441,4,sideways,6,6,False,ataque_elaborado,posesion_bepro_elaborada,cierre_bepro,8.0,0.0,1.0,True,
8,69,bepro_sequences,T3,3,0,7.3,434.707,439.08,435626.0,cierre_recuperacion_propia,4.373,0.361,0.031,0.147,0.034,0.012,0.034,0.488,0.41008555597883645,0.5899144440211634,0.9351142334858125,0.06488576651418744,0.06488576651418744,0.008358108931600328,0.022952549363374986,baja,baja,pitch_control_rival,estructura_retroceso,0,0,False,,0.05,,,,62.444399999999995,7.7504,45.39,0.3456,62.444399999999995,7.7504,45.39,0.3456,62.444399999999995,7.7504,17.054399999999994,68.93159999999999,18.59256901022556,4.2093,4.2093,2,forward,2,2,True,balon_parado_con_continuidad,setpiece_con_continuidad_bepro,cierre_recuperacion_propia,,,,False,Revisar: el poseedor detectado no confirma dominio rival en la secuencia.
36,332,bepro_sequences,T0,0,0,43.3,2588.463,2599.713,2597909.0,cierre_recuperacion_propia,11.25,0.242,0.117,0.143,0.028,0.003,0.028,0.438,0.5301007229033105,0.46989927709668955,0.9216423870020508,0.07835761299794916,0.07835761299794916,0.13054810100305908,0.03413899589034994,baja,baja,estructura_anchura,pitch_control_rival,0,0,False,,0.1,,,,50.98277294950344,44.4535042220119,43.3050078,36.3741632,50.98277294950344,44.4535042220119,43.3050078,36.3741632,50.98277294950344,44.4535042220119,7.677765149503443,52.70197230947569,11.14557441502653,30.1325,7.3146,2,forward,5,5,False,ataque_elaborado,recuperacion_con_posesion_elaborada,cierre_recuperacion_propia,7.0,6.0,0.5384615384615384,True,
34,301,bepro_sequences,T3,3,0,39.9,2372.569,2393.413,2390068.0,cierre_recuperacion_propia,20.844,0.313,0.057,0.143,0.04,-0.018,0.04,0.45,0.45093342238722645,0.5490665776127736,0.905698516718517,0.09430148328148327,0.09430148328148327,0.010666739566000116,-0.03352208096994444,baja,baja,estructura_anchura,pitch_control_rival,0,0,False,,0.05,,,,56.0184,1.3248,54.7332,21.9776,56.0184,1.3248,54.7332,21.9776,56.0184,1.3248,1.2852000000000032,59.802600000000005,20.692749621062926,109.2389,13.4393,5,backward,10,10,False,ataque_elaborado,recuperacion_con_posesion_elaborada,cierre_recuperacion_propia,2.0,5.0,0.2857142857142857,False,Revisar: el poseedor detectado no confirma dominio rival en la secuencia.
54,497,bepro_sequences,T0,0,1,69.6,4166.786,4176.024,4174024.0,cierre_recuperacion_propia,9.238,0.392,0.0,0.142,0.022,0.011,0.022,0.231,0.6416450501432311,0.3583549498567689,0.9613951947485704,0.03860480525142936,0.03860480525142936,0.013470080853808408,-0.024711058064775516,baja,baja,estructura_anchura,estructura_retroceso,0,0,False,,0.05,,,,59.7618,11.6352,95.7678,30.208,59.7618,11.6352,6.232200000000006,33.792,42.2382,52.3648,36.00599999999999,45.9615672,40.51395976499951,59.2845,41.8233,2,sideways,4,4,True,balon_parado_con_continuidad,setpiece_con_continuidad_bepro,cierre_recuperacion_propia,5.0,1.0,0.8333333333333334,True,
42,420,bepro_sequences,T0,0,1,55.8,3341.982,3350.457,3347401.0,cierre_recuperacion_propia,8.475,0.321,0.031,0.134,0.037,0.021,0.037,0.243,0.6402740478076673,0.3597259521923328,0.9730574839511148,0.026942516048885222,0.026942516048885222,0.05034316399203054,0.10202247525357573,baja,baja,estructura_anchura,presion_distancia,0,0,False,,0.05,,,,51.1734,28.3072,71.2368,12.4352,51.1734,28.3072,30.763199999999998,51.5648,50.8266,35.6928,20.0634,53.193000000000005,25.58242372333005,28.9378,31.8407,2,forward,4,4,False,transicion_rapida,origen_recuperacion_rival,cierre_recuperacion_propia,3.0,0.0,1.0,True,
7,66,bepro_sequences,T3,3,0,7.1,419.68,424.213,424213.0,cierre_bepro,4.533,0.364,0.002,0.134,0.025,0.009,0.025,0.431,0.4146414970185607,0.5853585029814394,0.9553430198948035,0.04465698010519644,0.04465698010519644,0.0549813108029672,0.03666748121097368,baja,baja,pitch_control_rival,estructura_retroceso,0,0,False,,0.05,,,,61.098,2.3616,41.870999999999995,0.2176,61.098,2.3616,41.870999999999995,0.2176,61.098,2.3616,19.227000000000004,63.5868,19.346169259054882,22.0922,20.2244,2,sideways,3,3,True,balon_parado_con_continuidad,setpiece_con_continuidad_bepro,cierre_bepro,0.0,8.0,0.0,False,Revisar: el poseedor detectado no confirma dominio rival en la secuencia.
19,168,bepro_sequences,T0,0,0,21.7,1292.213,1300.28,1300280.0,cierre_bepro,8.067,0.24,0.098,0.132,0.02,0.005,0.02,0.234,0.536699351941629,0.46330064805837107,0.953404504192228,0.046595495807772155,0.046595495807772155,-0.15185619485286905,-0.003953993160002108,baja,baja,presion_distancia,estructura_anchura,0,0,False,,0.1,,,,35.805886199999996,34.842976,36.679199999999994,63.584,35.805886199999996,34.842976,36.679199999999994,63.584,35.805886199999996,34.842976,-0.8733137999999983,47.41531329585831,28.754289028975254,87.6525,30.9954,5,backward,7,7,True,balon_parado_con_continuidad,setpiece_con_continuidad_bepro,cierre_bepro,6.0,0.0,1.0,True,
11,111,bepro_sequences,T0,0,0,10.7,629.251,640.358,640358.0,cierre_bepro,11.107,0.215,0.095,0.12,0.007,0.002,0.007,0.124,0.6696201038764464,0.3303798961235537,0.9707411497551528,0.029258850244847607,0.029258850244847607,0.18663094440426276,0.03693068043358209,baja,baja,presion_distancia,estructura_anchura,0,0,False,,0.1,,,,17.4331362,53.6365888,4.34357514,25.6347648,17.4331362,53.6365888,4.34357514,25.6347648,17.4331362,53.6365888,13.089561060000001,17.4331362,30.910172372059723,25.3353,32.6635,3,forward,6,6,False,ataque_elaborado,recuperacion_con_posesion_elaborada,cierre_bepro,11.0,1.0,0.9166666666666666,True,
59,569,bepro_sequences,T0,0,1,84.9,5086.763,5094.019,5094019.0,cierre_bepro,7.256,0.228,0.025,0.097,0.028,-0.021,0.028,0.276,0.5523695421028914,0.4476304578971087,0.911314873658956,0.08868512634104392,0.08868512634104392,-0.056438391566817736,0.0651865503775305,baja,baja,estructura_anchura,presion_distancia,0,0,False,,0.05,,,,91.2549018,36.868729599999995,50.286,17.5744,91.2549018,36.868729599999995,51.714,46.4256,10.745098200000001,27.131270400000005,-40.9689018,51.714,45.28489891135321,31.2869,46.8965,2,forward,4,4,False,transicion_rapida,origen_recuperacion_rival,cierre_bepro,5.0,8.0,0.38461538461538464,False,Revisar: el poseedor detectado no confirma dominio rival en la secuencia.
18,166,bepro_sequences,T0,0,0,21.3,1268.977,1275.913,1275913.0,cierre_bepro,6.936,0.11,0.095,0.084,0.013,0.003,0.013,0.195,0.6933771480686629,0.3066228519313371,0.9990267864185733,0.0009732135814267578,0.0009732135814267578,0.27787441515719835,0.0028274208283991273,baja,baja,estructura_retroceso,presion_distancia,0,0,False,,0.1,,,,39.7086,62.0672,22.3956096,32.9029504,39.7086,62.0672,22.3956096,32.9029504,39.7086,62.0672,17.312990399999997,39.7086,33.91597103610027,11.759,36.4172,1,forward,2,2,False,transicion_rapida,origen_recuperacion_rival,cierre_bepro,3.0,2.0,0.6,True,
50,468,bepro_sequences,T2,2,1,64.6,3867.254,3873.69,3871357.0,cierre_recuperacion_propia,6.436,0.2,0.0,0.074,0.021,-0.007,0.021,0.347,0.5217486863691116,0.4782513136308883,0.9738604750202111,0.026139524979789074,0.026139524979789074,0.044477085801153504,-0.04682701154331755,baja,baja,estructura_anchura,pitch_control_rival,0,0,False,,0.05,,,,63.199200000000005,7.4688,53.81416980000001,12.730086400000001,63.199200000000005,7.4688,48.18583019999999,51.269913599999995,38.800799999999995,56.5312,-9.385030199999996,48.7152,10.759178706469045,15.6904,11.4796,3,backward,5,5,False,ataque_elaborado,recuperacion_con_posesion_elaborada,cierre_recuperacion_propia,2.0,10.0,0.16666666666666666,False,Revisar: el poseedor detectado no confirma dominio rival en la secuencia.
